#EventID,Time,Latitude,Longitude,Depth,MD,MD Error,Area,Type,Level
51069,2026-01-01 02:27:21.24,40.834833,14.136833,2.12,1,0.3,flegrei,earthquake,Bollettino
51193,2026-01-01 02:36:39.92,,,,,,flegrei,earthquake,Bollettino
51070,2026-01-01 02:36:59.23,,,,,,flegrei,earthquake,Bollettino
51071,2026-01-01 03:07:36.329,40.837333,14.136333,2.38,0.4,0.3,flegrei,earthquake,Bollettino
51072,2026-01-01 04:23:44.43,40.8375,14.089,2.69,0.9,0.3,flegrei,earthquake,Bollettino
51073,2026-01-01 13:51:06.17,,,,-0.1,0.3,flegrei,earthquake,Bollettino
51074,2026-01-01 20:26:07.849,40.812667,14.112667,2.5,0.4,0.3,flegrei,earthquake,Bollettino
51077,2026-01-01 23:02:41.319,,,,-0.3,0.3,flegrei,earthquake,Bollettino
51194,2026-01-02 00:40:06.509,,,,-0.3,0.3,flegrei,earthquake,Bollettino
51079,2026-01-02 03:51:38.299,,,,-0.5,0.3,flegrei,earthquake,Bollettino
51080,2026-01-02 19:08:46.94,40.826167,14.1475,2.14,0.5,0.3,flegrei,earthquake,Bollettino
51081,2026-01-03 00:23:02.23,40.8475,14.1725,2.62,0.2,0.3,flegrei,earthquake,Bollettino
51082,2026-01-03 04:34:10.43,40.847,14.171167,2.7,0.6,0.3,flegrei,earthquake,Bollettino
51195,2026-01-03 07:46:43.029,,,,-0.1,0.3,flegrei,earthquake,Bollettino
51084,2026-01-03 07:47:01.17,,,,-0.1,0.3,flegrei,earthquake,Bollettino
51085,2026-01-03 07:50:03,40.828333,14.135667,2.34,0.6,0.3,flegrei,earthquake,Bollettino
51086,2026-01-03 07:50:44.789,,,,,,flegrei,earthquake,Bollettino
51198,2026-01-03 07:51:37.93,,,,,,flegrei,earthquake,Bollettino
51087,2026-01-03 07:52:59.809,40.827667,14.133333,1.98,1.1,0.3,flegrei,earthquake,Bollettino
51088,2026-01-03 12:22:37.279,,,,-0.1,0.3,flegrei,earthquake,Bollettino
51089,2026-01-03 13:27:39.369,,,,-0.1,0.3,flegrei,earthquake,Bollettino
51091,2026-01-03 17:20:01.69,40.813333,14.118,3.35,0.2,0.3,flegrei,earthquake,Bollettino
51092,2026-01-03 17:23:52.22,,,,-0.1,0.3,flegrei,earthquake,Bollettino
51205,2026-01-03 17:24:14.89,,,,-0.1,0.3,flegrei,earthquake,Bollettino
51093,2026-01-03 17:25:08.25,,,,-0.1,0.3,flegrei,earthquake,Bollettino
51095,2026-01-03 19:42:51.109,40.846333,14.172167,2.73,0.4,0.3,flegrei,earthquake,Bollettino
51196,2026-01-04 03:08:14.329,,,,-0.5,0.3,flegrei,earthquake,Bollettino
51197,2026-01-04 12:48:18.7,40.832667,14.143167,1.82,-0.1,0.3,flegrei,earthquake,Bollettino
51096,2026-01-04 13:30:53.15,40.8295,14.140667,2.3,0.2,0.3,flegrei,earthquake,Bollettino
51097,2026-01-04 14:50:52.829,,,,-0.5,0.3,flegrei,earthquake,Bollettino
51099,2026-01-04 19:52:16.289,40.8255,14.138833,1.35,0.1,0.3,flegrei,earthquake,Bollettino
51199,2026-01-04 19:56:26.42,,,,-0.5,0.3,flegrei,earthquake,Bollettino
51100,2026-01-04 20:01:57.859,40.825167,14.15,1.83,-0.3,0.3,flegrei,earthquake,Bollettino
51155,2026-01-05 03:08:59.41,40.833667,14.145,2.39,0.1,0.3,flegrei,earthquake,Bollettino
51187,2026-01-05 09:33:24.5,40.835667,14.1355,1.52,0.2,0.3,flegrei,earthquake,Bollettino
51188,2026-01-05 09:33:49.15,40.836667,14.1345,1.72,0.5,0.3,flegrei,earthquake,Bollettino
51189,2026-01-05 09:33:59.569,40.836667,14.135,1.89,1.2,0.3,flegrei,earthquake,Bollettino
51190,2026-01-05 09:35:26.009,40.838667,14.135833,2.29,1.7,0.3,flegrei,earthquake,Bollettino
51200,2026-01-05 12:54:22.24,40.829167,14.138167,2.31,2.9,0.3,flegrei,earthquake,Bollettino
51201,2026-01-05 13:15:13.65,,,,-0.3,0.3,flegrei,earthquake,Bollettino
51202,2026-01-05 13:15:55.44,40.825333,14.1405,1.42,0.1,0.3,flegrei,earthquake,Bollettino
51203,2026-01-05 13:18:23.599,40.826167,14.1405,1.88,0.2,0.3,flegrei,earthquake,Bollettino
51206,2026-01-05 16:59:58.19,40.836167,14.133833,2.42,0.7,0.3,flegrei,earthquake,Bollettino
51209,2026-01-05 21:43:36.93,,,,,,flegrei,earthquake,Bollettino
51210,2026-01-05 23:47:14.39,40.831333,14.140167,1.98,0.4,0.3,flegrei,earthquake,Bollettino
51251,2026-01-06 02:18:37.46,,,,,,flegrei,earthquake,Bollettino
51252,2026-01-06 02:18:54.71,,,,,,flegrei,earthquake,Bollettino
51211,2026-01-06 02:19:32.079,,,,,,flegrei,earthquake,Bollettino
51212,2026-01-06 02:19:33.96,,,,,,flegrei,earthquake,Bollettino
51226,2026-01-06 02:19:38.46,40.826667,14.137167,1.56,0.5,0.3,flegrei,earthquake,Bollettino
51213,2026-01-06 02:20:02.349,,,,,,flegrei,earthquake,Bollettino
51214,2026-01-06 02:20:19.619,40.827167,14.139,1.67,0.4,0.3,flegrei,earthquake,Bollettino
51259,2026-01-06 02:20:54.569,40.828,14.141167,1.32,-0.1,0.3,flegrei,earthquake,Bollettino
51215,2026-01-06 02:21:47.049,,,,-0.3,0.3,flegrei,earthquake,Bollettino
51216,2026-01-06 02:22:25.64,40.826333,14.138,1.6,0.1,0.3,flegrei,earthquake,Bollettino
51217,2026-01-06 02:23:02.339,40.826333,14.139,2.45,3.1,0.3,flegrei,earthquake,Bollettino
51218,2026-01-06 02:24:19.509,40.827333,14.141167,2.35,2.9,0.3,flegrei,earthquake,Bollettino
51260,2026-01-06 02:24:31.96,40.826667,14.141667,1.68,0.2,0.3,flegrei,earthquake,Bollettino
51227,2026-01-06 02:24:53.069,40.8265,14.140167,1.35,0.4,0.3,flegrei,earthquake,Bollettino
51220,2026-01-06 02:25:41.66,,,,,,flegrei,earthquake,Bollettino
51219,2026-01-06 02:25:43.109,40.8425,14.114333,2.91,1.6,0.3,flegrei,earthquake,Bollettino
51225,2026-01-06 02:26:09.18,40.826333,14.143167,1.74,0.2,0.3,flegrei,earthquake,Bollettino
51221,2026-01-06 02:28:34.779,40.827333,14.141333,1.93,0.1,0.3,flegrei,earthquake,Bollettino
51286,2026-01-06 02:29:34.64,,,,,,flegrei,earthquake,Bollettino
51287,2026-01-06 02:30:03.319,,,,-0.1,0.3,flegrei,earthquake,Bollettino
51222,2026-01-06 02:31:14.44,40.825,14.136167,1.9,0.1,0.3,flegrei,earthquake,Bollettino
51288,2026-01-06 02:31:34.99,40.826167,14.136667,1.9,0.2,0.3,flegrei,earthquake,Bollettino
51223,2026-01-06 02:59:28.339,40.826333,14.142333,1.22,0.1,0.3,flegrei,earthquake,Bollettino
51224,2026-01-06 03:00:32.19,,,,-0.5,0.3,flegrei,earthquake,Bollettino
51228,2026-01-06 04:00:19,40.8385,14.110667,2.92,0.2,0.3,flegrei,earthquake,Bollettino
51229,2026-01-06 04:19:57.68,40.8325,14.114667,1.94,1.3,0.3,flegrei,earthquake,Bollettino
51230,2026-01-06 04:20:44.66,40.837667,14.109833,2.89,0.2,0.3,flegrei,earthquake,Bollettino
51231,2026-01-06 06:18:24.97,40.838333,14.108,2.95,0.4,0.3,flegrei,earthquake,Bollettino
51232,2026-01-06 08:17:16.089,40.839167,14.137667,1.31,0.4,0.3,flegrei,earthquake,Bollettino
51233,2026-01-06 08:17:31.019,40.838,14.135667,1.13,0.4,0.3,flegrei,earthquake,Bollettino
51234,2026-01-06 08:18:40.98,40.839667,14.136167,1.33,0.4,0.3,flegrei,earthquake,Bollettino
51235,2026-01-06 08:18:45.93,40.84,14.136833,1.42,0.2,0.3,flegrei,earthquake,Bollettino
51325,2026-01-06 08:39:48.13,,,,,,flegrei,earthquake,Bollettino
51236,2026-01-06 08:39:57.16,40.827333,14.139333,1.57,0.6,0.3,flegrei,earthquake,Bollettino
51237,2026-01-06 08:51:41.289,40.8235,14.144,1.43,0.2,0.3,flegrei,earthquake,Bollettino
51238,2026-01-06 08:58:15.13,40.825167,14.143333,0.69,0.2,0.3,flegrei,earthquake,Bollettino
51239,2026-01-06 09:03:15.619,,,,-0.3,0.3,flegrei,earthquake,Bollettino
51240,2026-01-06 11:04:24.95,40.8405,14.137,1.56,0.8,0.3,flegrei,earthquake,Bollettino
51241,2026-01-06 11:54:47.099,,,,-0.3,0.3,flegrei,earthquake,Bollettino
51242,2026-01-06 12:48:53.9,40.823833,14.145667,1.64,0.5,0.3,flegrei,earthquake,Bollettino
51243,2026-01-06 17:30:41.279,,,,,,flegrei,earthquake,Bollettino
51245,2026-01-07 00:26:30.759,40.804667,14.104167,3.35,0.4,0.3,flegrei,earthquake,Bollettino
51246,2026-01-07 02:16:50.259,40.813667,14.155167,2.88,0.6,0.3,flegrei,earthquake,Bollettino
51247,2026-01-07 03:40:15.48,40.812167,14.153,2.79,0.1,0.3,flegrei,earthquake,Bollettino
51250,2026-01-07 10:42:59.829,40.826667,14.134833,1.84,0.2,0.3,flegrei,earthquake,Bollettino
51253,2026-01-07 18:35:54.93,,,,-0.1,0.3,flegrei,earthquake,Bollettino
51254,2026-01-07 23:56:20.23,,,,-0.3,0.3,flegrei,earthquake,Bollettino
51256,2026-01-08 05:58:19.73,40.8345,14.088333,2.63,0.5,0.3,flegrei,earthquake,Bollettino
51261,2026-01-08 16:27:55.339,40.8295,14.129333,2.94,0.4,0.3,flegrei,earthquake,Bollettino
51318,2026-01-08 16:29:51.48,,,,,,flegrei,earthquake,Bollettino
51262,2026-01-08 16:29:56.9,40.8295,14.126167,2.21,0.2,0.3,flegrei,earthquake,Bollettino
51263,2026-01-08 16:44:02.339,,,,,,flegrei,earthquake,Bollettino
51264,2026-01-08 16:44:08.059,40.830167,14.132333,2.64,2.6,0.3,flegrei,earthquake,Bollettino
51265,2026-01-08 16:45:07.96,40.8275,14.127167,2.3,1,0.3,flegrei,earthquake,Bollettino
51266,2026-01-08 16:47:09.039,40.825833,14.126833,2.24,0.8,0.3,flegrei,earthquake,Bollettino
51267,2026-01-08 17:12:37.74,,,,-0.1,0.3,flegrei,earthquake,Bollettino
51268,2026-01-08 17:14:12.859,40.825333,14.135333,1.92,0.5,0.3,flegrei,earthquake,Bollettino
51269,2026-01-08 17:28:44.48,40.828667,14.132333,2.63,1,0.3,flegrei,earthquake,Bollettino
51270,2026-01-08 17:47:48.799,40.827667,14.126333,2.12,0.4,0.3,flegrei,earthquake,Bollettino
51271,2026-01-08 17:48:02.5,40.826833,14.1265,2.3,1.1,0.3,flegrei,earthquake,Bollettino
51272,2026-01-08 17:53:39.21,40.828167,14.126833,2.68,2,0.3,flegrei,earthquake,Bollettino
51273,2026-01-08 17:55:41.529,40.826667,14.124833,2.24,1.1,0.3,flegrei,earthquake,Bollettino
51274,2026-01-08 17:56:10.359,40.826333,14.1275,2.14,0.2,0.3,flegrei,earthquake,Bollettino
51275,2026-01-08 18:00:17.97,,,,-0.3,0.3,flegrei,earthquake,Bollettino
51276,2026-01-08 18:17:41.25,,,,-0.1,0.3,flegrei,earthquake,Bollettino
51277,2026-01-08 20:59:44.66,,,,,,flegrei,earthquake,Bollettino
51278,2026-01-09 00:47:05.829,40.829667,14.134667,2.57,0.2,0.3,flegrei,earthquake,Bollettino
51327,2026-01-09 00:47:40.619,40.827333,14.130667,1.73,0.1,0.3,flegrei,earthquake,Bollettino
51279,2026-01-09 00:48:42.809,40.827333,14.136333,2.46,-0.1,0.3,flegrei,earthquake,Bollettino
51281,2026-01-09 00:57:52.869,40.827,14.129833,1.62,0.4,0.3,flegrei,earthquake,Bollettino
51280,2026-01-09 00:58:29.99,,,,-0.1,0.3,flegrei,earthquake,Bollettino
51283,2026-01-09 05:08:55.95,40.828,14.129167,1.67,0.1,0.3,flegrei,earthquake,Bollettino
51284,2026-01-09 05:37:54.309,40.827333,14.125833,2.2,0.9,0.3,flegrei,earthquake,Bollettino
51289,2026-01-09 23:14:34.309,40.836333,14.133833,1.81,0.4,0.3,flegrei,earthquake,Bollettino
51290,2026-01-09 23:39:33.75,40.828,14.139167,1.03,0.7,0.3,flegrei,earthquake,Bollettino
51329,2026-01-09 23:39:42.079,,,,-0.1,0.3,flegrei,earthquake,Bollettino
51293,2026-01-09 23:45:35.69,40.828167,14.140167,1.18,0.1,0.3,flegrei,earthquake,Bollettino
51291,2026-01-10 00:28:53.16,,,,-0.1,0.3,flegrei,earthquake,Bollettino
51292,2026-01-10 02:18:17.38,40.831333,14.145333,2.49,0.7,0.3,flegrei,earthquake,Bollettino
51301,2026-01-10 16:15:19.49,40.831333,14.146333,1.7,0.4,0.3,flegrei,earthquake,Bollettino
51303,2026-01-10 16:15:31.619,40.8295,14.140167,1.56,0.5,0.3,flegrei,earthquake,Bollettino
51295,2026-01-10 16:15:51.2,40.830833,14.144167,1.46,0.2,0.3,flegrei,earthquake,Bollettino
51296,2026-01-10 16:16:48.22,40.83,14.142167,1.63,0.2,0.3,flegrei,earthquake,Bollettino
51302,2026-01-10 16:17:02.16,40.83,14.140167,1.44,0.5,0.3,flegrei,earthquake,Bollettino
51297,2026-01-10 16:17:26.25,40.829167,14.142833,1.41,0.2,0.3,flegrei,earthquake,Bollettino
51298,2026-01-10 16:19:11.23,40.830667,14.140167,1.36,0.8,0.3,flegrei,earthquake,Bollettino
51299,2026-01-10 16:20:09.549,,,,-0.3,0.3,flegrei,earthquake,Bollettino
51304,2026-01-10 16:22:48.309,40.8285,14.140167,0.95,0.2,0.3,flegrei,earthquake,Bollettino
51300,2026-01-10 16:23:11.529,40.83,14.140167,1.28,0.8,0.3,flegrei,earthquake,Bollettino
51306,2026-01-11 08:40:31.43,40.8295,14.142833,2.93,0.6,0.3,flegrei,earthquake,Bollettino
51307,2026-01-11 08:40:49.72,40.8315,14.140167,2.39,0.7,0.3,flegrei,earthquake,Bollettino
51308,2026-01-11 13:17:23.15,40.827167,14.149833,2.22,0.1,0.3,flegrei,earthquake,Bollettino
51309,2026-01-11 16:15:21.21,,,,-0.1,0.3,flegrei,earthquake,Bollettino
51310,2026-01-11 22:52:59.039,,,,-0.5,0.3,flegrei,earthquake,Bollettino
51311,2026-01-11 23:00:39.48,40.8225,14.140667,1.27,0.2,0.3,flegrei,earthquake,Bollettino
51312,2026-01-11 23:38:05.339,,,,-0.5,0.3,flegrei,earthquake,Bollettino
51313,2026-01-11 23:45:56.589,40.828833,14.1425,1.14,0.1,0.3,flegrei,earthquake,Bollettino
51317,2026-01-12 16:17:53.599,40.810667,14.152,2.62,-0.1,0.3,flegrei,earthquake,Bollettino
51320,2026-01-13 00:28:54.64,40.820333,14.143833,0.6,0.2,0.3,flegrei,earthquake,Bollettino
51323,2026-01-13 06:52:54.7,40.826333,14.159333,2.48,1.3,0.3,flegrei,earthquake,Bollettino
51324,2026-01-13 06:53:16.66,40.825833,14.1565,2.37,0.6,0.3,flegrei,earthquake,Bollettino
51326,2026-01-13 08:52:23.829,40.824833,14.145,2.14,0.4,0.3,flegrei,earthquake,Bollettino
51330,2026-01-13 14:02:50.059,40.822167,14.144667,0.33,0.1,0.3,flegrei,earthquake,Bollettino
51331,2026-01-13 23:59:53.619,,,,-0.3,0.3,flegrei,earthquake,Bollettino
51332,2026-01-14 04:11:46.5,40.836,14.126,1.66,-0.1,0.3,flegrei,earthquake,Bollettino
51334,2026-01-14 06:17:46.109,40.8315,14.140167,1.73,-0.1,0.3,flegrei,earthquake,Bollettino
51348,2026-01-14 07:07:38.289,40.8335,14.128833,2.52,0.1,0.3,flegrei,earthquake,Bollettino
51335,2026-01-14 08:03:14.94,40.835833,14.1305,2.65,2.5,0.3,flegrei,earthquake,Bollettino
51342,2026-01-14 08:03:40.759,40.834833,14.129833,1.99,2.1,0.3,flegrei,earthquake,Bollettino
51336,2026-01-14 08:05:09.74,40.8315,14.132667,1.82,0.4,0.3,flegrei,earthquake,Bollettino
51337,2026-01-14 08:05:59.16,40.8465,14.128167,1.65,-0.1,0.3,flegrei,earthquake,Bollettino
51338,2026-01-14 08:07:15.829,40.838,14.132667,2.86,0.1,0.3,flegrei,earthquake,Bollettino
51343,2026-01-14 08:07:32.98,40.837333,14.1355,2.03,0.1,0.3,flegrei,earthquake,Bollettino
51339,2026-01-14 08:12:43.39,40.838,14.13,2.27,0.4,0.3,flegrei,earthquake,Bollettino
51340,2026-01-14 08:13:52.819,40.836167,14.1255,2.73,1.6,0.3,flegrei,earthquake,Bollettino
51341,2026-01-14 08:16:53.019,40.827,14.13,1.73,0.1,0.3,flegrei,earthquake,Bollettino
51344,2026-01-14 09:43:37.599,40.836667,14.13,2.2,0.5,0.3,flegrei,earthquake,Bollettino
51350,2026-01-14 14:25:41.089,40.839,14.127833,2.01,0.7,0.3,flegrei,earthquake,Bollettino
51351,2026-01-14 14:54:54.93,40.837333,14.134333,2.59,0.4,0.3,flegrei,earthquake,Bollettino
51354,2026-01-14 17:47:41.18,,,,-0.3,0.3,flegrei,earthquake,Bollettino
51355,2026-01-14 18:09:17.799,40.821333,14.158,2.12,0.5,0.3,flegrei,earthquake,Bollettino
51356,2026-01-14 21:39:24.609,40.837667,14.128667,2,0.1,0.3,flegrei,earthquake,Bollettino
51359,2026-01-15 00:55:18.15,40.829167,14.137,1.7,-0.1,0.3,flegrei,earthquake,Bollettino
51360,2026-01-15 03:07:48.259,40.839833,14.127167,2.85,0.2,0.3,flegrei,earthquake,Bollettino
51361,2026-01-15 18:54:46.92,40.827167,14.154333,2.94,0.1,0.3,flegrei,earthquake,Bollettino
51363,2026-01-15 20:21:02.41,,,,,,flegrei,earthquake,Bollettino
51364,2026-01-15 22:27:28.079,40.83,14.138667,1.27,0.1,0.3,flegrei,earthquake,Bollettino
51365,2026-01-16 04:00:16.49,40.837667,14.131333,0.99,0.4,0.3,flegrei,earthquake,Bollettino
51366,2026-01-16 04:00:54.029,40.843,14.140833,2.11,0.2,0.3,flegrei,earthquake,Bollettino
51367,2026-01-16 09:46:57.839,40.830167,14.144167,2.24,0.2,0.3,flegrei,earthquake,Bollettino
51374,2026-01-16 20:25:41.279,40.829333,14.140167,2.51,0.1,0.3,flegrei,earthquake,Bollettino
51375,2026-01-16 20:27:06.38,40.832,14.142333,2.51,-0.3,0.3,flegrei,earthquake,Bollettino
51376,2026-01-16 20:27:57.67,40.828667,14.136167,2.16,0.6,0.3,flegrei,earthquake,Bollettino
51378,2026-01-16 20:29:21.44,40.825333,14.141833,1.84,0.1,0.3,flegrei,earthquake,Bollettino
51377,2026-01-16 20:29:49.849,40.828167,14.140167,2,0.1,0.3,flegrei,earthquake,Bollettino
51390,2026-01-16 20:30:33.309,40.8275,14.139833,2.24,0.4,0.3,flegrei,earthquake,Bollettino
51379,2026-01-16 20:31:23.279,40.829167,14.1335,1.83,0.2,0.3,flegrei,earthquake,Bollettino
51380,2026-01-16 20:32:28.46,40.8275,14.138167,1.43,0.2,0.3,flegrei,earthquake,Bollettino
51391,2026-01-16 20:32:40.859,40.828333,14.135667,1.71,0.2,0.3,flegrei,earthquake,Bollettino
51381,2026-01-16 20:33:20.279,40.828167,14.135,1.85,-0.1,0.3,flegrei,earthquake,Bollettino
51382,2026-01-16 20:33:55.519,40.830333,14.140167,2.4,2.2,0.3,flegrei,earthquake,Bollettino
51383,2026-01-16 20:35:30.2,40.8295,14.134333,2.16,0.2,0.3,flegrei,earthquake,Bollettino
51384,2026-01-16 20:36:26.64,40.828667,14.1395,1.97,0.6,0.3,flegrei,earthquake,Bollettino
51385,2026-01-16 20:37:01.97,,,,-0.1,0.3,flegrei,earthquake,Bollettino
51386,2026-01-16 20:42:54.2,40.830167,14.127,1.86,0.1,0.3,flegrei,earthquake,Bollettino
51388,2026-01-16 20:47:46.63,40.827333,14.146667,2,0.1,0.3,flegrei,earthquake,Bollettino
51396,2026-01-17 06:34:37.88,40.824167,14.141833,1.37,0.7,0.3,flegrei,earthquake,Bollettino
51397,2026-01-17 06:42:51.99,40.825333,14.140333,1.39,-0.1,0.3,flegrei,earthquake,Bollettino
51398,2026-01-17 07:18:48.42,40.824333,14.143833,1.17,-0.3,0.3,flegrei,earthquake,Bollettino
51400,2026-01-17 11:27:06.619,40.826667,14.149833,2.32,0.1,0.3,flegrei,earthquake,Bollettino
51401,2026-01-17 12:48:39.059,40.826833,14.1435,2,0.1,0.3,flegrei,earthquake,Bollettino
51402,2026-01-17 15:39:48.589,40.8205,14.138667,2.52,0.4,0.3,flegrei,earthquake,Bollettino
51404,2026-01-17 16:26:46.7,,,,,,flegrei,earthquake,Bollettino
51406,2026-01-17 22:25:46.17,40.828,14.1395,1.79,-0.3,0.3,flegrei,earthquake,Bollettino
51407,2026-01-17 22:33:48.24,40.820833,14.159,2.75,-0.1,0.3,flegrei,earthquake,Bollettino
51410,2026-01-18 12:22:39.089,40.8345,14.140167,0.83,-0.1,0.3,flegrei,earthquake,Bollettino
51411,2026-01-18 13:14:35.839,40.8305,14.146667,1.87,0.8,0.3,flegrei,earthquake,Bollettino
51412,2026-01-18 14:37:30.519,40.800167,14.109833,2.37,1.5,0.3,flegrei,earthquake,Bollettino
51415,2026-01-19 05:58:55.24,40.827833,14.1455,2.04,0.8,0.3,flegrei,earthquake,Bollettino
51425,2026-01-19 05:59:20.819,40.827333,14.1385,1.84,-0.1,0.3,flegrei,earthquake,Bollettino
51418,2026-01-19 12:03:11.24,40.826667,14.140167,1.61,-0.1,0.3,flegrei,earthquake,Bollettino
51420,2026-01-20 02:18:24.769,40.838833,14.136,2.59,0.8,0.3,flegrei,earthquake,Bollettino
51421,2026-01-20 03:11:34.73,,,,-0.1,0.3,flegrei,earthquake,Bollettino
51429,2026-01-21 03:40:39.74,40.835,14.140167,2.5,0.8,0.3,flegrei,earthquake,Bollettino
51430,2026-01-21 14:34:23.029,40.839667,14.120833,2.72,1.7,0.3,flegrei,earthquake,Bollettino
51431,2026-01-21 22:42:19.339,40.8275,14.129333,1.55,0.5,0.3,flegrei,earthquake,Bollettino
51433,2026-01-21 22:44:43.049,40.828833,14.130833,1.82,0.2,0.3,flegrei,earthquake,Bollettino
51434,2026-01-21 22:44:58.2,40.828167,14.135667,2.46,0.4,0.3,flegrei,earthquake,Bollettino
51432,2026-01-21 22:49:35.269,40.828833,14.1315,1.67,0.1,0.3,flegrei,earthquake,Bollettino
51435,2026-01-21 23:16:39.799,40.8295,14.130167,1.81,0.8,0.3,flegrei,earthquake,Bollettino
51436,2026-01-21 23:17:32.48,40.8285,14.130833,1.93,0.7,0.3,flegrei,earthquake,Bollettino
51439,2026-01-22 03:28:22.66,40.8295,14.140167,1.73,0.1,0.3,flegrei,earthquake,Bollettino
51440,2026-01-22 04:26:19.869,,,,-0.5,0.3,flegrei,earthquake,Bollettino
51441,2026-01-22 05:23:32.67,40.829333,14.134333,1.84,0.4,0.3,flegrei,earthquake,Bollettino
51442,2026-01-22 09:01:09.67,,,,,,flegrei,earthquake,Bollettino
51443,2026-01-22 11:23:37.599,40.826167,14.115333,1.27,0.5,0.3,flegrei,earthquake,Bollettino
51445,2026-01-22 13:52:01.97,40.8285,14.130333,1.28,0.4,0.3,flegrei,earthquake,Bollettino
51446,2026-01-22 17:14:30.019,40.831333,14.137,2.04,0.2,0.3,flegrei,earthquake,Bollettino
51447,2026-01-22 22:34:54.769,40.831333,14.141833,1.71,0.1,0.3,flegrei,earthquake,Bollettino
51453,2026-01-22 23:48:43.509,,,,-0.1,0.3,flegrei,earthquake,Bollettino
51454,2026-01-23 00:07:52.569,40.821667,14.144,0.17,0.1,0.3,flegrei,earthquake,Bollettino
51448,2026-01-23 00:19:10.88,,,,-0.1,0.3,flegrei,earthquake,Bollettino
51449,2026-01-23 00:25:08.049,40.820333,14.1425,0.57,0.4,0.3,flegrei,earthquake,Bollettino
51450,2026-01-23 00:42:22.42,,,,-0.3,0.3,flegrei,earthquake,Bollettino
51459,2026-01-23 02:40:19.21,40.822333,14.144167,0.21,0.1,0.3,flegrei,earthquake,Bollettino
51460,2026-01-23 02:53:34.96,40.821333,14.142167,0.26,0.1,0.3,flegrei,earthquake,Bollettino
51451,2026-01-23 04:36:12.7,40.833167,14.141,2.14,0.4,0.3,flegrei,earthquake,Bollettino
51452,2026-01-23 09:39:18.65,,,,,,flegrei,earthquake,Bollettino
51470,2026-01-23 13:47:54.269,,,,-0.8,0.3,flegrei,earthquake,Bollettino
51471,2026-01-23 14:26:03.64,40.832667,14.149,2.29,-0.5,0.3,flegrei,earthquake,Bollettino
51472,2026-01-23 19:07:23.45,,,,,,flegrei,earthquake,Bollettino
51462,2026-01-23 21:55:42.269,40.822833,14.157167,3.06,-0.3,0.3,flegrei,earthquake,Bollettino
51463,2026-01-24 03:32:32.789,40.837,14.126667,2.96,0.6,0.3,flegrei,earthquake,Bollettino
51465,2026-01-25 09:34:41.309,40.831333,14.160833,2.07,0.2,0.3,flegrei,earthquake,Bollettino
51466,2026-01-25 09:34:47.319,40.829167,14.160833,1.86,0.2,0.3,flegrei,earthquake,Bollettino
51473,2026-01-26 21:59:35.18,40.828167,14.134833,1.73,0.2,0.3,flegrei,earthquake,Bollettino
51474,2026-01-26 22:14:05.19,,,,,,flegrei,earthquake,Bollettino
51492,2026-01-26 22:14:14.339,,,,-0.1,0.3,flegrei,earthquake,Bollettino
51475,2026-01-26 22:55:44.74,40.826,14.139167,0.81,0.1,0.3,flegrei,earthquake,Bollettino
51476,2026-01-26 23:18:28.91,40.8375,14.134,2.2,0.2,0.3,flegrei,earthquake,Bollettino
51477,2026-01-27 00:57:41.19,40.827167,14.135,1.51,1.1,0.3,flegrei,earthquake,Bollettino
51478,2026-01-27 00:57:50.96,40.8265,14.134,1.35,0.6,0.3,flegrei,earthquake,Bollettino
51479,2026-01-27 01:09:49.91,40.839667,14.139333,1.94,1.4,0.3,flegrei,earthquake,Bollettino
51481,2026-01-27 01:11:37.91,40.835167,14.132333,2.32,0.8,0.3,flegrei,earthquake,Bollettino
51480,2026-01-27 01:15:36.529,,,,-0.3,0.3,flegrei,earthquake,Bollettino
51482,2026-01-27 02:24:32.259,,,,-0.1,0.3,flegrei,earthquake,Bollettino
51483,2026-01-27 02:28:13.109,,,,-0.5,0.3,flegrei,earthquake,Bollettino
51484,2026-01-27 02:31:25.109,40.834667,14.117667,2.7,0.2,0.3,flegrei,earthquake,Bollettino
51485,2026-01-27 02:53:49.589,,,,-0.3,0.3,flegrei,earthquake,Bollettino
51488,2026-01-27 07:07:52.44,40.820833,14.1325,0.96,0.6,0.3,flegrei,earthquake,Bollettino
51486,2026-01-27 07:20:55.69,40.826167,14.135,1.19,0.1,0.3,flegrei,earthquake,Bollettino
51487,2026-01-27 07:22:01.829,40.823333,14.133333,0.75,0.6,0.3,flegrei,earthquake,Bollettino
51489,2026-01-27 07:37:09.89,,,,-0.1,0.3,flegrei,earthquake,Bollettino
51490,2026-01-27 08:22:35.24,40.827333,14.140167,1.32,0.1,0.3,flegrei,earthquake,Bollettino
51491,2026-01-27 11:18:19.359,40.825833,14.133833,1.02,0.2,0.3,flegrei,earthquake,Bollettino
51493,2026-01-27 13:35:04.98,40.839667,14.123167,2.11,0.1,0.3,flegrei,earthquake,Bollettino
51494,2026-01-27 18:09:45.16,40.823,14.155333,2.19,0.4,0.3,flegrei,earthquake,Bollettino
51495,2026-01-27 18:50:43.829,40.824167,14.133667,1.53,-0.1,0.3,flegrei,earthquake,Bollettino
51496,2026-01-28 01:15:30.99,,,,-0.3,0.3,flegrei,earthquake,Bollettino
51497,2026-01-28 13:48:25.89,,,,,,flegrei,earthquake,Bollettino
51503,2026-01-28 20:51:39.72,40.825,14.119167,1.72,0.2,0.3,flegrei,earthquake,Bollettino
51505,2026-01-29 07:29:19.099,40.837833,14.124333,1.7,0.6,0.3,flegrei,earthquake,Bollettino
51504,2026-01-29 07:31:18.279,40.839333,14.123833,1.85,0.1,0.3,flegrei,earthquake,Bollettino
51506,2026-01-29 08:43:25.069,40.834833,14.134,2.15,-0.3,0.3,flegrei,earthquake,Bollettino
51510,2026-01-29 22:59:16.269,40.832833,14.133,1.78,0.2,0.3,flegrei,earthquake,Bollettino
51509,2026-01-29 23:01:35.539,40.8355,14.137833,2.28,0.5,0.3,flegrei,earthquake,Bollettino
51511,2026-01-30 02:56:05.039,40.824667,14.148167,1.18,0.5,0.3,flegrei,earthquake,Bollettino
51512,2026-01-30 02:56:23.25,40.825333,14.143167,0.91,0.1,0.3,flegrei,earthquake,Bollettino
51516,2026-01-30 02:56:50.329,40.825333,14.142667,0.84,0.4,0.3,flegrei,earthquake,Bollettino
51514,2026-01-30 02:57:08.15,40.825,14.144833,0.92,0.2,0.3,flegrei,earthquake,Bollettino
51515,2026-01-30 03:03:43.16,,,,-0.3,0.3,flegrei,earthquake,Bollettino
51517,2026-01-30 03:39:57.509,40.8315,14.134667,1.76,0.5,0.3,flegrei,earthquake,Bollettino
51518,2026-01-30 03:45:20.509,,,,-0.3,0.3,flegrei,earthquake,Bollettino
51519,2026-01-30 05:51:27,,,,-0.3,0.3,flegrei,earthquake,Bollettino
51520,2026-01-30 06:20:39.109,40.826667,14.145667,1.93,0.2,0.3,flegrei,earthquake,Bollettino
51521,2026-01-30 13:17:47.259,40.8235,14.148167,1.55,-0.1,0.3,flegrei,earthquake,Bollettino
51526,2026-01-31 03:45:31.799,40.8325,14.145167,2.45,0.7,0.3,flegrei,earthquake,Bollettino
51527,2026-01-31 03:45:39.88,40.830833,14.1355,1.29,0.7,0.3,flegrei,earthquake,Bollettino
51528,2026-01-31 07:10:09.91,40.818,14.110333,2.96,0.1,0.3,flegrei,earthquake,Bollettino
51530,2026-01-31 15:10:10.029,40.8255,14.1385,1.75,-0.1,0.3,flegrei,earthquake,Bollettino
51531,2026-02-01 05:12:58.46,40.815,14.123,2.94,0.9,0.3,flegrei,earthquake,Bollettino
51532,2026-02-01 05:13:55.789,40.815333,14.120333,3.18,1.3,0.3,flegrei,earthquake,Bollettino
51533,2026-02-01 05:58:11.95,,,,,,flegrei,earthquake,Bollettino
51544,2026-02-01 05:58:17.609,40.834833,14.135,2.29,0.4,0.3,flegrei,earthquake,Bollettino
51545,2026-02-01 05:58:53.009,40.834,14.1355,1.79,0.1,0.3,flegrei,earthquake,Bollettino
51534,2026-02-01 10:31:01.589,,,,-0.3,0.3,flegrei,earthquake,Bollettino
51546,2026-02-01 10:31:42.819,,,,-0.3,0.3,flegrei,earthquake,Bollettino
51535,2026-02-01 10:50:35.019,40.834333,14.129667,1.82,0.7,0.3,flegrei,earthquake,Bollettino
51536,2026-02-01 10:51:03.049,40.8355,14.1305,1.82,0.6,0.3,flegrei,earthquake,Bollettino
51537,2026-02-01 11:40:53.19,,,,-0.5,0.3,flegrei,earthquake,Bollettino
51549,2026-02-01 13:02:53.49,,,,,,flegrei,earthquake,Bollettino
51538,2026-02-01 13:03:18.16,40.837667,14.136333,2.3,0.1,0.3,flegrei,earthquake,Bollettino
51539,2026-02-01 22:31:44.259,,,,-0.5,0.3,flegrei,earthquake,Bollettino
51547,2026-02-02 11:00:51.94,,,,-0.3,0.3,flegrei,earthquake,Bollettino
51548,2026-02-02 12:30:34.91,40.823833,14.151333,1.39,0.1,0.3,flegrei,earthquake,Bollettino
51552,2026-02-02 17:29:49.21,40.838333,14.122,2.21,0.5,0.3,flegrei,earthquake,Bollettino
51553,2026-02-02 17:40:11.66,40.826333,14.084667,2.91,1.1,0.3,flegrei,earthquake,Bollettino
51554,2026-02-02 19:17:33.839,,,,-0.3,0.3,flegrei,earthquake,Bollettino
51555,2026-02-02 23:59:57.92,40.822833,14.11,2.41,0.4,0.3,flegrei,earthquake,Bollettino
51557,2026-02-03 22:59:21.589,40.8225,14.149,2.3,0.5,0.3,flegrei,earthquake,Bollettino
51558,2026-02-04 00:28:11.339,40.828667,14.1445,1.7,0.1,0.3,flegrei,earthquake,Bollettino
51559,2026-02-04 00:28:21.769,40.828333,14.148667,1.84,1.7,0.3,flegrei,earthquake,Bollettino
51560,2026-02-04 09:51:34.839,40.813833,14.157,2.07,0.1,0.3,flegrei,earthquake,Bollettino
51561,2026-02-04 10:43:42.71,40.825167,14.128833,1.88,0.1,0.3,flegrei,earthquake,Bollettino
51564,2026-02-04 15:00:14.88,40.840667,14.134833,1.23,0.2,0.3,flegrei,earthquake,Bollettino
51563,2026-02-04 15:04:41.119,40.841,14.134833,1.53,1.3,0.3,flegrei,earthquake,Bollettino
51565,2026-02-04 16:07:22.25,40.827333,14.126667,1.88,0.1,0.3,flegrei,earthquake,Bollettino
51567,2026-02-05 01:14:45.299,40.815833,14.160167,2.78,1.7,0.3,flegrei,earthquake,Bollettino
51568,2026-02-05 01:54:28.69,40.819167,14.162167,2.59,0.5,0.3,flegrei,earthquake,Bollettino
51569,2026-02-05 07:13:34.329,40.816,14.1615,2.4,1.2,0.3,flegrei,earthquake,Bollettino
51570,2026-02-06 15:30:09.029,40.817667,14.155333,2.83,0.1,0.3,flegrei,earthquake,Bollettino
51572,2026-02-06 23:00:51.69,40.836,14.129167,1.3,0.1,0.3,flegrei,earthquake,Bollettino
51574,2026-02-07 01:45:23.819,40.820333,14.162833,2.28,0.7,0.3,flegrei,earthquake,Bollettino
51575,2026-02-07 02:21:09.96,40.8405,14.126,4.25,0.1,0.3,flegrei,earthquake,Bollettino
51576,2026-02-07 03:35:59.25,,,,-0.5,0.3,flegrei,earthquake,Bollettino
51577,2026-02-07 04:09:14.97,40.821667,14.1425,2.46,0.1,0.3,flegrei,earthquake,Bollettino
51579,2026-02-07 20:58:55.18,,,,-0.3,0.3,flegrei,earthquake,Bollettino
51583,2026-02-08 03:19:39.819,40.8395,14.129167,2.18,0.2,0.3,flegrei,earthquake,Bollettino
51584,2026-02-08 10:13:48.299,,,,-0.1,0.3,flegrei,earthquake,Bollettino
51585,2026-02-08 10:52:52.5,40.814667,14.1325,1.55,0.7,0.3,flegrei,earthquake,Bollettino
51587,2026-02-08 23:27:01.67,40.828667,14.148333,1.93,-0.3,0.3,flegrei,earthquake,Bollettino
51588,2026-02-09 00:46:43.46,40.815,14.154667,2.63,0.2,0.3,flegrei,earthquake,Bollettino
51589,2026-02-09 06:03:00.609,40.834833,14.130667,3.06,0.2,0.3,flegrei,earthquake,Bollettino
51590,2026-02-09 07:45:11.99,40.8195,14.1445,0.91,0.4,0.3,flegrei,earthquake,Bollettino
51593,2026-02-09 10:58:37.2,40.817167,14.1445,1.09,1.2,0.3,flegrei,earthquake,Bollettino
51595,2026-02-09 16:28:39.529,40.8255,14.138333,0.76,1.3,0.3,flegrei,earthquake,Bollettino
51597,2026-02-09 16:29:02.269,40.8265,14.142167,0.94,0.4,0.3,flegrei,earthquake,Bollettino
51596,2026-02-09 16:50:43.049,40.818167,14.143167,0.87,0.6,0.3,flegrei,earthquake,Bollettino
51599,2026-02-10 00:19:46.98,,,,-0.1,0.3,flegrei,earthquake,Bollettino
51600,2026-02-10 00:19:59.609,,,,,,flegrei,earthquake,Bollettino
51601,2026-02-10 00:20:05.67,,,,,,flegrei,earthquake,Bollettino
51602,2026-02-10 00:20:24.089,40.824667,14.144167,1.37,0.2,0.3,flegrei,earthquake,Bollettino
51603,2026-02-10 00:21:11.579,40.825,14.146167,1.42,0.7,0.3,flegrei,earthquake,Bollettino
51604,2026-02-10 00:41:20.799,,,,-0.3,0.3,flegrei,earthquake,Bollettino
51605,2026-02-10 10:49:11.25,40.8135,14.154667,2.88,0.2,0.3,flegrei,earthquake,Bollettino
51606,2026-02-10 14:51:25.18,40.8275,14.140167,1.8,0.2,0.3,flegrei,earthquake,Bollettino
51608,2026-02-10 22:18:26.299,,,,-0.5,0.3,flegrei,earthquake,Bollettino
51612,2026-02-11 14:10:54.14,40.8065,14.149333,2.82,0.4,0.3,flegrei,earthquake,Bollettino
51614,2026-02-11 18:12:24.609,40.833,14.142667,2.27,1.6,0.3,flegrei,earthquake,Bollettino
51615,2026-02-11 18:12:53.23,40.834333,14.140167,1.9,0.6,0.3,flegrei,earthquake,Bollettino
51616,2026-02-11 21:42:08.279,40.830667,14.132833,1.62,0.2,0.3,flegrei,earthquake,Bollettino
51617,2026-02-11 22:03:07.94,40.831333,14.158333,2.8,0.8,0.3,flegrei,earthquake,Bollettino
51618,2026-02-12 12:49:34.47,40.831333,14.146,2.14,1.7,0.3,flegrei,earthquake,Bollettino
51663,2026-02-13 18:28:12.029,40.828167,14.15,1.63,-0.1,0.3,flegrei,earthquake,Bollettino
51621,2026-02-14 03:26:26.9,40.829833,14.139,1.6,0.6,0.3,flegrei,earthquake,Bollettino
51622,2026-02-14 09:34:24.349,40.829667,14.147333,1.35,0.2,0.3,flegrei,earthquake,Bollettino
51623,2026-02-14 09:34:41.91,40.825167,14.1475,0.92,0.8,0.3,flegrei,earthquake,Bollettino
51624,2026-02-14 09:37:18.279,40.825333,14.151667,1.19,-0.1,0.3,flegrei,earthquake,Bollettino
51625,2026-02-14 09:46:44.609,40.825667,14.147833,1.35,0.1,0.3,flegrei,earthquake,Bollettino
51664,2026-02-14 09:47:27.72,40.823833,14.149,1.06,-0.1,0.3,flegrei,earthquake,Bollettino
51627,2026-02-14 09:50:51.539,40.826167,14.151333,1.39,0.1,0.3,flegrei,earthquake,Bollettino
51628,2026-02-14 09:51:06.089,40.8255,14.149,1.19,1.2,0.3,flegrei,earthquake,Bollettino
51635,2026-02-14 09:51:10.89,40.825667,14.148333,1.38,1,0.3,flegrei,earthquake,Bollettino
51636,2026-02-14 09:51:20.319,40.825833,14.149,1.13,1,0.3,flegrei,earthquake,Bollettino
51629,2026-02-14 09:52:06.2,40.825333,14.148833,1.02,0.5,0.3,flegrei,earthquake,Bollettino
51630,2026-02-14 09:55:51.059,40.825667,14.1485,1.3,-0.1,0.3,flegrei,earthquake,Bollettino
51631,2026-02-14 09:56:23.42,40.8265,14.147,1.14,1.5,0.3,flegrei,earthquake,Bollettino
51632,2026-02-14 09:58:05.329,40.8265,14.15,1.24,0.5,0.3,flegrei,earthquake,Bollettino
51633,2026-02-14 09:59:10.359,40.826,14.149167,1.25,0.9,0.3,flegrei,earthquake,Bollettino
51638,2026-02-14 09:59:27.48,40.825333,14.15,1.31,0.2,0.3,flegrei,earthquake,Bollettino
51637,2026-02-14 10:04:34.38,40.825333,14.148667,1,0.5,0.3,flegrei,earthquake,Bollettino
51634,2026-02-14 10:12:02.579,40.825167,14.146667,1.14,-0.1,0.3,flegrei,earthquake,Bollettino
51639,2026-02-14 10:13:46.41,40.825,14.1445,1.01,0.1,0.3,flegrei,earthquake,Bollettino
51640,2026-02-14 11:12:02.2,40.826833,14.149167,1.14,1.4,0.3,flegrei,earthquake,Bollettino
51641,2026-02-14 11:39:04.18,40.832667,14.140167,1.6,0.2,0.3,flegrei,earthquake,Bollettino
51642,2026-02-14 12:05:59.259,40.823667,14.144333,1.29,-0.3,0.3,flegrei,earthquake,Bollettino
51644,2026-02-14 12:21:53.299,40.833833,14.140167,2.09,1.1,0.3,flegrei,earthquake,Bollettino
51643,2026-02-14 12:22:17.059,40.835833,14.143667,2.23,1.4,0.3,flegrei,earthquake,Bollettino
51645,2026-02-14 12:23:04.45,40.832333,14.140167,2.13,-0.1,0.3,flegrei,earthquake,Bollettino
51646,2026-02-14 13:16:58.2,40.825667,14.147667,1.34,0.4,0.3,flegrei,earthquake,Bollettino
51647,2026-02-14 13:18:32,40.825167,14.1455,1.18,0.1,0.3,flegrei,earthquake,Bollettino
51648,2026-02-14 14:02:43.25,40.825333,14.158167,1.28,-0.3,0.3,flegrei,earthquake,Bollettino
51650,2026-02-14 14:02:49.609,40.824833,14.157,1.2,-0.5,0.3,flegrei,earthquake,Bollettino
51649,2026-02-14 14:09:05.89,40.825667,14.154333,1.11,0.5,0.3,flegrei,earthquake,Bollettino
51666,2026-02-14 22:53:45.64,,,,-0.5,0.3,flegrei,earthquake,Bollettino
51653,2026-02-14 23:01:50.539,,,,,,flegrei,earthquake,Bollettino
51655,2026-02-15 15:41:48.67,40.826667,14.140167,0.95,0.1,0.3,flegrei,earthquake,Bollettino
51656,2026-02-15 16:02:04.809,40.828833,14.140167,1.22,-0.1,0.3,flegrei,earthquake,Bollettino
51657,2026-02-15 16:25:17.16,40.833667,14.144,1.64,-0.1,0.3,flegrei,earthquake,Bollettino
51658,2026-02-16 04:59:35.13,40.811333,14.118833,2.98,1.1,0.3,flegrei,earthquake,Bollettino
51659,2026-02-16 06:49:06.529,40.83,14.084667,2.59,1.5,0.3,flegrei,earthquake,Bollettino
51668,2026-02-16 14:48:29.91,40.825667,14.153167,1.89,0.2,0.3,flegrei,earthquake,Bollettino
51669,2026-02-16 15:33:04.66,,,,-0.3,0.3,flegrei,earthquake,Bollettino
51670,2026-02-16 15:34:57.259,40.8245,14.151833,1.88,0.1,0.3,flegrei,earthquake,Bollettino
51673,2026-02-17 03:53:38.619,40.825333,14.148167,0.92,1.3,0.3,flegrei,earthquake,Bollettino
51675,2026-02-17 22:12:38.41,40.838167,14.117833,2.91,2.8,0.3,flegrei,earthquake,Bollettino
51678,2026-02-17 22:12:49.91,40.837167,14.117,2.82,2.5,0.3,flegrei,earthquake,Bollettino
51680,2026-02-17 22:13:09.18,40.836333,14.1205,1.61,0.5,0.3,flegrei,earthquake,Bollettino
51677,2026-02-17 22:13:41.7,40.836667,14.121333,1.87,0.7,0.3,flegrei,earthquake,Bollettino
51681,2026-02-17 22:13:50.329,40.837167,14.120333,1.8,0.4,0.3,flegrei,earthquake,Bollettino
51683,2026-02-17 22:14:19.089,40.838667,14.1245,1.77,0.2,0.3,flegrei,earthquake,Bollettino
51682,2026-02-17 22:19:33.289,40.837833,14.120333,1.95,-0.1,0.3,flegrei,earthquake,Bollettino
51695,2026-02-17 22:19:40.92,40.839333,14.123,2.04,0.1,0.3,flegrei,earthquake,Bollettino
51685,2026-02-17 22:29:06.789,40.835667,14.120333,2.12,0.1,0.3,flegrei,earthquake,Bollettino
51688,2026-02-17 22:29:15.39,40.847167,14.129667,3.37,0.2,0.3,flegrei,earthquake,Bollettino
51679,2026-02-17 22:44:14.49,40.839333,14.123833,2.64,0.4,0.3,flegrei,earthquake,Bollettino
51686,2026-02-17 22:44:24.579,40.8385,14.121833,2.32,0.1,0.3,flegrei,earthquake,Bollettino
51684,2026-02-17 23:24:27.599,40.836833,14.116333,2.67,2,0.3,flegrei,earthquake,Bollettino
51687,2026-02-18 00:05:08.43,,,,-0.3,0.3,flegrei,earthquake,Bollettino
51689,2026-02-18 00:42:29.309,40.837333,14.1195,1.61,-0.1,0.3,flegrei,earthquake,Bollettino
51691,2026-02-18 02:11:31.93,40.837333,14.1195,1.57,0.1,0.3,flegrei,earthquake,Bollettino
51692,2026-02-18 02:11:51.67,,,,-0.1,0.3,flegrei,earthquake,Bollettino
51693,2026-02-18 02:35:55.47,40.836667,14.1165,1.7,0.1,0.3,flegrei,earthquake,Bollettino
51694,2026-02-18 04:25:02.25,40.8375,14.119333,2.18,0.2,0.3,flegrei,earthquake,Bollettino
51696,2026-02-18 10:25:16.94,40.8255,14.141167,1.05,0.4,0.3,flegrei,earthquake,Bollettino
51697,2026-02-18 13:08:55.269,,,,-0.3,0.3,flegrei,earthquake,Bollettino
51698,2026-02-18 15:51:36.039,40.826333,14.1415,1.07,0.1,0.3,flegrei,earthquake,Bollettino
51703,2026-02-20 01:02:23.24,,,,-0.1,0.3,flegrei,earthquake,Bollettino
51704,2026-02-20 03:57:29.69,40.835833,14.129833,2.08,0.9,0.3,flegrei,earthquake,Bollettino
51705,2026-02-20 05:05:25.859,,,,-0.3,0.3,flegrei,earthquake,Bollettino
51709,2026-02-20 17:37:27.66,40.833667,14.139333,1.71,0.7,0.3,flegrei,earthquake,Bollettino
51710,2026-02-20 21:34:50.5,40.831667,14.139833,1.49,0.1,0.3,flegrei,earthquake,Bollettino
51712,2026-02-21 04:23:54.96,40.822667,14.1295,1.8,0.1,0.3,flegrei,earthquake,Bollettino
51713,2026-02-21 07:41:30.789,40.8345,14.1265,1.72,0.8,0.3,flegrei,earthquake,Bollettino
51715,2026-02-21 11:21:46.319,,,,-0.3,0.3,flegrei,earthquake,Bollettino
51716,2026-02-21 18:55:15.64,,,,-0.3,0.3,flegrei,earthquake,Bollettino
51718,2026-02-21 22:52:24.819,,,,-0.3,0.3,flegrei,earthquake,Bollettino
51727,2026-02-21 22:54:22,,,,,,flegrei,earthquake,Bollettino
51719,2026-02-21 22:55:59.7,,,,,,flegrei,earthquake,Bollettino
51720,2026-02-22 01:20:22.849,40.835333,14.113,1.71,0.7,0.3,flegrei,earthquake,Bollettino
51721,2026-02-22 02:24:21.509,40.821333,14.129833,1.69,0.1,0.3,flegrei,earthquake,Bollettino
51722,2026-02-22 02:24:49.299,40.822833,14.1285,1.41,0.1,0.3,flegrei,earthquake,Bollettino
51723,2026-02-22 02:41:31.859,40.820833,14.129833,1.9,0.2,0.3,flegrei,earthquake,Bollettino
51724,2026-02-22 03:16:27.099,40.811833,14.085667,3.92,2.4,0.3,flegrei,earthquake,Bollettino
51725,2026-02-22 03:30:22.73,40.831833,14.123,1.37,0.2,0.3,flegrei,earthquake,Bollettino
51726,2026-02-22 03:30:29.869,40.8365,14.133167,3.17,0.1,0.3,flegrei,earthquake,Bollettino
51729,2026-02-22 21:07:59.48,40.825,14.142333,1.65,-0.1,0.3,flegrei,earthquake,Bollettino
51731,2026-02-23 03:02:06.4,40.835167,14.131,2.31,0.5,0.3,flegrei,earthquake,Bollettino
51732,2026-02-23 06:07:48.769,,,,,,flegrei,earthquake,Bollettino
51733,2026-02-23 08:54:18.47,40.8155,14.138,1.28,0.5,0.3,flegrei,earthquake,Bollettino
51735,2026-02-23 16:19:13.67,40.829,14.142167,1.65,1.8,0.3,flegrei,earthquake,Bollettino
51737,2026-02-24 10:40:43.759,40.8065,14.110833,3.37,2,0.3,flegrei,earthquake,Bollettino
51743,2026-02-24 19:44:44.799,40.8375,14.12,1.57,0.1,0.3,flegrei,earthquake,Bollettino
51744,2026-02-24 21:12:30.97,40.806333,14.114333,4.71,0.9,0.3,flegrei,earthquake,Bollettino
51745,2026-02-24 22:39:19.22,40.837333,14.1225,2.73,2.3,0.3,flegrei,earthquake,Bollettino
51757,2026-02-24 22:39:34.359,40.836833,14.120167,2.28,0.8,0.3,flegrei,earthquake,Bollettino
51747,2026-02-24 22:41:44.609,40.8375,14.120333,2.38,0.5,0.3,flegrei,earthquake,Bollettino
51749,2026-02-24 22:49:44.41,40.839,14.120667,2.87,0.2,0.3,flegrei,earthquake,Bollettino
51748,2026-02-24 22:52:53.41,40.839333,14.12,2.39,0.1,0.3,flegrei,earthquake,Bollettino
51750,2026-02-25 00:10:10.569,40.838333,14.1205,1.57,0.1,0.3,flegrei,earthquake,Bollettino
51751,2026-02-25 01:10:35.18,40.8385,14.119667,1.79,0.2,0.3,flegrei,earthquake,Bollettino
51752,2026-02-25 06:51:35.319,40.838,14.127333,1.88,0.2,0.3,flegrei,earthquake,Bollettino
51767,2026-02-25 08:43:25.819,,,,,,flegrei,earthquake,Bollettino
51754,2026-02-25 08:43:49.22,40.8365,14.123667,1.69,0.2,0.3,flegrei,earthquake,Bollettino
51763,2026-02-25 23:35:23.799,40.832833,14.135667,2.11,1.1,0.3,flegrei,earthquake,Bollettino
51764,2026-02-26 01:22:42.049,,,,-0.3,0.3,flegrei,earthquake,Bollettino
51765,2026-02-26 06:04:26.329,,,,-0.1,0.3,flegrei,earthquake,Bollettino
51769,2026-02-28 01:01:42.829,,,,,,flegrei,earthquake,Bollettino
51771,2026-02-28 10:18:05.849,40.833167,14.138333,2.47,0.6,0.3,flegrei,earthquake,Bollettino
51772,2026-02-28 10:18:50.269,40.833667,14.131667,1.88,0.2,0.3,flegrei,earthquake,Bollettino
51821,2026-02-28 10:18:56.529,40.835,14.134167,1.94,0.2,0.3,flegrei,earthquake,Bollettino
51823,2026-02-28 10:19:03.059,,,,,,flegrei,earthquake,Bollettino
51773,2026-02-28 10:19:05.109,40.836667,14.134167,2.4,,,flegrei,earthquake,Bollettino
51776,2026-02-28 10:19:07.13,40.835333,14.142167,2.89,3.5,0.3,flegrei,earthquake,Bollettino
51778,2026-02-28 10:20:06.46,,,,,,flegrei,earthquake,Bollettino
51779,2026-02-28 10:20:27.099,40.836333,14.130833,1.88,0.4,0.3,flegrei,earthquake,Bollettino
51777,2026-02-28 10:20:52.19,40.834833,14.132,2.28,1.2,0.3,flegrei,earthquake,Bollettino
51830,2026-02-28 10:21:04.029,,,,-0.1,0.3,flegrei,earthquake,Bollettino
51831,2026-02-28 10:21:28.64,,,,,,flegrei,earthquake,Bollettino
51774,2026-02-28 10:21:41.619,40.8325,14.131833,1.84,0.4,0.3,flegrei,earthquake,Bollettino
51775,2026-02-28 10:22:06.46,40.8335,14.138833,2.62,2.4,0.3,flegrei,earthquake,Bollettino
51832,2026-02-28 10:22:59.42,,,,,,flegrei,earthquake,Bollettino
51781,2026-02-28 10:23:13.17,40.8315,14.140167,2.3,0.5,0.3,flegrei,earthquake,Bollettino
51785,2026-02-28 10:23:31.93,40.835333,14.135,1.81,0.5,0.3,flegrei,earthquake,Bollettino
51833,2026-02-28 10:26:03.64,40.835167,14.135167,2.08,0.2,0.3,flegrei,earthquake,Bollettino
51835,2026-02-28 10:26:44.829,,,,,,flegrei,earthquake,Bollettino
51837,2026-02-28 10:27:05.49,,,,-0.1,0.3,flegrei,earthquake,Bollettino
51782,2026-02-28 10:27:23.23,40.8345,14.139833,2.82,0.2,0.3,flegrei,earthquake,Bollettino
51839,2026-02-28 10:27:37.329,40.8325,14.133833,1.54,0.1,0.3,flegrei,earthquake,Bollettino
51840,2026-02-28 10:27:43.509,40.8325,14.133333,1.43,0.1,0.3,flegrei,earthquake,Bollettino
51783,2026-02-28 10:30:15.759,40.835,14.1345,1.77,0.4,0.3,flegrei,earthquake,Bollettino
51841,2026-02-28 10:36:33.599,40.833833,14.132667,1.8,0.2,0.3,flegrei,earthquake,Bollettino
51845,2026-02-28 10:36:58.13,40.833667,14.1285,1.97,0.1,0.3,flegrei,earthquake,Bollettino
51847,2026-02-28 10:37:49.97,,,,,,flegrei,earthquake,Bollettino
51850,2026-02-28 10:41:28.2,40.837167,14.131167,1.49,0.1,0.3,flegrei,earthquake,Bollettino
51852,2026-02-28 10:45:26.829,40.8335,14.139,1.77,0.2,0.3,flegrei,earthquake,Bollettino
51853,2026-02-28 10:47:33.17,40.834667,14.134,2.11,0.2,0.3,flegrei,earthquake,Bollettino
51854,2026-02-28 10:47:57.839,40.833167,14.1275,1.64,0.4,0.3,flegrei,earthquake,Bollettino
51784,2026-02-28 11:07:14.73,40.836167,14.135833,2.3,0.2,0.3,flegrei,earthquake,Bollettino
51842,2026-02-28 11:08:32.059,,,,-0.3,0.3,flegrei,earthquake,Bollettino
51824,2026-02-28 11:22:52.309,40.838167,14.127333,2.29,0.6,0.3,flegrei,earthquake,Bollettino
51843,2026-02-28 11:25:52.18,40.836333,14.137667,2.41,-0.1,0.3,flegrei,earthquake,Bollettino
51825,2026-02-28 11:43:55.13,40.832167,14.1395,2.28,0.1,0.3,flegrei,earthquake,Bollettino
51844,2026-02-28 11:47:13.13,40.836833,14.1325,1.65,-0.1,0.3,flegrei,earthquake,Bollettino
51780,2026-02-28 11:48:58.49,40.8355,14.126,1.6,0.2,0.3,flegrei,earthquake,Bollettino
51826,2026-02-28 11:54:00.16,40.832833,14.140167,2.39,0.6,0.3,flegrei,earthquake,Bollettino
51846,2026-02-28 11:56:06.19,,,,-0.3,0.3,flegrei,earthquake,Bollettino
51827,2026-02-28 11:57:16.549,40.834667,14.134833,1.86,0.2,0.3,flegrei,earthquake,Bollettino
51828,2026-02-28 11:57:25.559,40.833667,14.129833,1.61,0.6,0.3,flegrei,earthquake,Bollettino
51848,2026-02-28 12:07:17.269,,,,-0.3,0.3,flegrei,earthquake,Bollettino
51849,2026-02-28 12:07:39.319,40.833667,14.128667,1.7,0.1,0.3,flegrei,earthquake,Bollettino
51829,2026-02-28 12:16:36.71,40.8335,14.129667,1.69,0.1,0.3,flegrei,earthquake,Bollettino
51787,2026-02-28 12:17:21.44,40.8335,14.130167,1.87,0.4,0.3,flegrei,earthquake,Bollettino
51851,2026-02-28 12:50:51.43,40.8325,14.130667,0.94,0.1,0.3,flegrei,earthquake,Bollettino
51786,2026-02-28 12:51:20.13,40.834333,14.138333,2.09,1.5,0.3,flegrei,earthquake,Bollettino
51855,2026-02-28 13:00:10.769,40.837333,14.129167,2.48,0.2,0.3,flegrei,earthquake,Bollettino
51788,2026-02-28 13:05:38.069,40.835667,14.135833,2.54,0.2,0.3,flegrei,earthquake,Bollettino
51856,2026-02-28 13:15:20.079,40.833,14.1345,2.42,0.1,0.3,flegrei,earthquake,Bollettino
51857,2026-02-28 13:22:59.98,,,,-0.1,0.3,flegrei,earthquake,Bollettino
51789,2026-02-28 13:32:58.71,40.834667,14.135833,2,0.1,0.3,flegrei,earthquake,Bollettino
51790,2026-02-28 13:38:52.41,40.834333,14.140167,2.69,1.4,0.3,flegrei,earthquake,Bollettino
51858,2026-02-28 13:56:00.92,40.8395,14.118167,2.71,0.4,0.3,flegrei,earthquake,Bollettino
51791,2026-02-28 14:19:57.22,40.838167,14.130667,2.77,1,0.3,flegrei,earthquake,Bollettino
51859,2026-02-28 14:20:06.96,40.838167,14.132,2.72,0.6,0.3,flegrei,earthquake,Bollettino
51860,2026-02-28 14:36:12.099,40.837167,14.135667,1.5,-0.1,0.3,flegrei,earthquake,Bollettino
51861,2026-02-28 14:40:45.89,,,,-0.1,0.3,flegrei,earthquake,Bollettino
51862,2026-02-28 14:46:40.619,,,,-0.1,0.3,flegrei,earthquake,Bollettino
51863,2026-02-28 14:53:03.789,40.830833,14.139333,2.22,-0.1,0.3,flegrei,earthquake,Bollettino
51864,2026-02-28 14:56:52.869,,,,-0.1,0.3,flegrei,earthquake,Bollettino
51865,2026-02-28 15:01:33.96,,,,-0.5,0.3,flegrei,earthquake,Bollettino
51867,2026-02-28 15:11:36.049,40.834667,14.140167,1.83,0.1,0.3,flegrei,earthquake,Bollettino
51868,2026-02-28 15:39:19.069,,,,-0.3,0.3,flegrei,earthquake,Bollettino
51869,2026-02-28 15:53:58.079,,,,-0.1,0.3,flegrei,earthquake,Bollettino
51870,2026-02-28 15:58:02.68,,,,-0.1,0.3,flegrei,earthquake,Bollettino
51792,2026-02-28 16:08:01.549,40.833,14.138667,2.4,0.7,0.3,flegrei,earthquake,Bollettino
51834,2026-02-28 16:24:06.19,,,,-0.8,0.3,flegrei,earthquake,Bollettino
51836,2026-02-28 16:24:37.89,,,,-0.5,0.3,flegrei,earthquake,Bollettino
51793,2026-02-28 17:00:10.25,,,,-0.3,0.3,flegrei,earthquake,Bollettino
51866,2026-02-28 17:10:46.7,,,,-0.1,0.3,flegrei,earthquake,Bollettino
51794,2026-02-28 17:34:57.859,40.833167,14.129333,2.69,0.6,0.3,flegrei,earthquake,Bollettino
51909,2026-02-28 17:37:24.849,,,,-0.5,0.3,flegrei,earthquake,Bollettino
51871,2026-02-28 17:44:18.819,40.8345,14.126333,2.04,-0.1,0.3,flegrei,earthquake,Bollettino
51795,2026-02-28 17:44:31.73,40.8365,14.12,2.39,0.2,0.3,flegrei,earthquake,Bollettino
51872,2026-02-28 18:12:26.779,,,,,,flegrei,earthquake,Bollettino
51873,2026-02-28 18:30:55.66,,,,-0.8,0.3,flegrei,earthquake,Bollettino
51874,2026-02-28 18:55:29.099,40.8355,14.140167,2.65,0.4,0.3,flegrei,earthquake,Bollettino
51796,2026-02-28 19:31:36.2,40.835667,14.137167,2.2,0.5,0.3,flegrei,earthquake,Bollettino
51798,2026-02-28 20:04:53.569,40.836833,14.125667,2.86,0.6,0.3,flegrei,earthquake,Bollettino
51797,2026-02-28 20:05:13.69,40.8365,14.127833,2.68,0.5,0.3,flegrei,earthquake,Bollettino
51882,2026-02-28 20:16:25.46,40.8355,14.139333,2.54,-0.5,0.3,flegrei,earthquake,Bollettino
51884,2026-02-28 20:53:40.38,,,,-0.8,0.3,flegrei,earthquake,Bollettino
51885,2026-02-28 21:01:17.349,,,,,,flegrei,earthquake,Bollettino
51799,2026-02-28 21:51:58.529,40.8365,14.130667,2.73,0.7,0.3,flegrei,earthquake,Bollettino
51800,2026-02-28 23:29:21.529,40.838,14.131667,2.76,0.2,0.3,flegrei,earthquake,Bollettino
51801,2026-03-01 01:02:37.849,40.847833,14.1425,1.3,0.1,0.3,flegrei,earthquake,Bollettino
51889,2026-03-01 04:00:15.349,,,,,,flegrei,earthquake,Bollettino
51890,2026-03-01 04:00:28.23,40.838167,14.134667,2.71,-0.3,0.3,flegrei,earthquake,Bollettino
51905,2026-03-01 07:27:11.13,,,,-0.3,0.3,flegrei,earthquake,Bollettino
51804,2026-03-01 11:51:43.289,40.836333,14.1275,1.77,0.2,0.3,flegrei,earthquake,Bollettino
51891,2026-03-01 12:04:51.66,,,,-0.5,0.3,flegrei,earthquake,Bollettino
52004,2026-03-01 18:55:36.94,,,,-0.3,0.3,flegrei,earthquake,Bollettino
51805,2026-03-01 20:17:54.68,,,,,,flegrei,earthquake,Bollettino
51806,2026-03-01 20:37:56.859,40.795167,14.1245,3.1,0.1,0.3,flegrei,earthquake,Bollettino
51807,2026-03-01 20:41:54.64,,,,-0.3,0.3,flegrei,earthquake,Bollettino
51808,2026-03-01 21:22:34.039,40.833,14.129167,1.65,0.1,0.3,flegrei,earthquake,Bollettino
51809,2026-03-02 02:03:57.71,40.8305,14.138833,1.12,-0.1,0.3,flegrei,earthquake,Bollettino
51810,2026-03-02 02:04:07.89,40.829667,14.137667,1.05,0.1,0.3,flegrei,earthquake,Bollettino
51811,2026-03-02 02:13:05.96,40.8315,14.140167,1.57,-0.1,0.3,flegrei,earthquake,Bollettino
51812,2026-03-02 03:48:31.599,40.831333,14.143,2.62,0.6,0.3,flegrei,earthquake,Bollettino
51813,2026-03-02 04:15:04.23,,,,,,flegrei,earthquake,Bollettino
51814,2026-03-02 04:50:18.9,40.804,14.123667,3.88,0.4,0.3,flegrei,earthquake,Bollettino
51818,2026-03-02 05:25:21.059,,,,,,flegrei,earthquake,Bollettino
51819,2026-03-02 05:25:26.41,40.802333,14.125,4.37,0.4,0.3,flegrei,earthquake,Bollettino
51822,2026-03-02 10:27:43.97,40.833167,14.131167,1.38,0.1,0.3,flegrei,earthquake,Bollettino
51902,2026-03-02 10:28:20.15,40.833667,14.133,1.83,-0.1,0.3,flegrei,earthquake,Bollettino
51838,2026-03-02 12:57:40.66,40.832667,14.1365,1.55,0.4,0.3,flegrei,earthquake,Bollettino
51903,2026-03-02 12:57:58.519,40.833667,14.131833,1.57,0.1,0.3,flegrei,earthquake,Bollettino
51877,2026-03-02 17:19:56.45,40.837333,14.131833,2.49,0.2,0.3,flegrei,earthquake,Bollettino
51878,2026-03-02 18:04:22.339,40.802167,14.145333,3.23,0.2,0.3,flegrei,earthquake,Bollettino
51904,2026-03-02 18:05:08.089,,,,,,flegrei,earthquake,Bollettino
51879,2026-03-02 18:14:50.96,,,,-0.5,0.3,flegrei,earthquake,Bollettino
51880,2026-03-02 19:06:44.589,40.829833,14.165167,9.55,1,0.3,flegrei,earthquake,Bollettino
51881,2026-03-02 19:45:36.819,40.8115,14.157167,3.11,0.1,0.3,flegrei,earthquake,Bollettino
51886,2026-03-03 01:29:58.059,40.838167,14.137833,2.75,0.5,0.3,flegrei,earthquake,Bollettino
51895,2026-03-04 00:37:40.96,40.825,14.153667,2.99,0.1,0.3,flegrei,earthquake,Bollettino
51896,2026-03-04 01:53:28.88,40.822667,14.136167,1.38,0.7,0.3,flegrei,earthquake,Bollettino
51897,2026-03-04 01:56:09.549,40.820333,14.140167,2.14,0.6,0.3,flegrei,earthquake,Bollettino
51898,2026-03-04 01:56:40.72,40.823,14.1365,1.39,0.8,0.3,flegrei,earthquake,Bollettino
51899,2026-03-04 02:02:19.65,,,,,,flegrei,earthquake,Bollettino
51900,2026-03-04 02:26:35.299,40.8225,14.137833,1.01,0.2,0.3,flegrei,earthquake,Bollettino
51901,2026-03-04 02:28:42.049,40.821167,14.136667,0.85,1.1,0.3,flegrei,earthquake,Bollettino
51924,2026-03-04 14:51:27.72,,,,-0.3,0.3,flegrei,earthquake,Bollettino
51925,2026-03-04 16:36:33.89,40.826333,14.146333,0.28,0.1,0.3,flegrei,earthquake,Bollettino
51912,2026-03-04 18:44:13.619,40.837,14.141167,1.45,0.7,0.3,flegrei,earthquake,Bollettino
51913,2026-03-04 19:17:15.349,40.822667,14.139667,1.32,0.1,0.3,flegrei,earthquake,Bollettino
51914,2026-03-04 19:53:21.769,40.823833,14.140167,0.99,0.1,0.3,flegrei,earthquake,Bollettino
51915,2026-03-05 01:39:11.859,40.818833,14.144167,0.38,1.3,0.3,flegrei,earthquake,Bollettino
51916,2026-03-05 03:55:27.849,,,,-0.3,0.3,flegrei,earthquake,Bollettino
51917,2026-03-05 04:04:17.14,40.827167,14.083667,2.96,2.4,0.3,flegrei,earthquake,Bollettino
51918,2026-03-05 04:16:34.299,40.827333,14.091667,2.2,0.8,0.3,flegrei,earthquake,Bollettino
51919,2026-03-05 04:26:32.369,40.818667,14.145167,0.8,-0.1,0.3,flegrei,earthquake,Bollettino
51922,2026-03-05 08:18:12.46,40.823333,14.144667,1.91,0.1,0.3,flegrei,earthquake,Bollettino
51923,2026-03-05 08:29:27.73,40.818333,14.142167,0.45,0.1,0.3,flegrei,earthquake,Bollettino
51928,2026-03-05 11:25:37.369,40.825667,14.141167,1.39,0.2,0.3,flegrei,earthquake,Bollettino
51926,2026-03-05 11:25:52.93,,,,-0.3,0.3,flegrei,earthquake,Bollettino
51927,2026-03-05 11:38:13.13,40.8325,14.127167,2.41,1,0.3,flegrei,earthquake,Bollettino
51929,2026-03-05 19:26:34.119,40.832667,14.140167,0.63,-0.1,0.3,flegrei,earthquake,Bollettino
51931,2026-03-05 22:21:34.029,40.823,14.141667,1.39,-0.1,0.3,flegrei,earthquake,Bollettino
51932,2026-03-06 00:56:49.68,,,,,,flegrei,earthquake,Bollettino
51933,2026-03-06 02:36:19.309,40.823667,14.144,1.53,-0.3,0.3,flegrei,earthquake,Bollettino
51952,2026-03-06 02:50:00.94,40.8215,14.145667,0.61,0.1,0.3,flegrei,earthquake,Bollettino
51954,2026-03-06 03:36:32.869,,,,-0.1,0.3,flegrei,earthquake,Bollettino
51935,2026-03-06 03:38:01.21,40.8245,14.140333,1.28,0.2,0.3,flegrei,earthquake,Bollettino
51936,2026-03-06 03:43:19.529,40.823833,14.142333,1.56,0.2,0.3,flegrei,earthquake,Bollettino
51937,2026-03-06 03:44:36.329,,,,-0.3,0.3,flegrei,earthquake,Bollettino
51940,2026-03-06 04:26:32.869,,,,-0.1,0.3,flegrei,earthquake,Bollettino
51955,2026-03-06 06:01:44.359,40.837,14.1345,1.3,0.1,0.3,flegrei,earthquake,Bollettino
51971,2026-03-07 08:28:57.47,40.827167,14.1235,0.72,0.1,0.3,flegrei,earthquake,Bollettino
52005,2026-03-07 12:37:01.44,40.825667,14.1405,1.17,-0.1,0.3,flegrei,earthquake,Bollettino
51972,2026-03-07 12:37:17.569,40.825333,14.138833,0.82,0.5,0.3,flegrei,earthquake,Bollettino
51974,2026-03-07 15:02:06.48,,,,-0.1,0.3,flegrei,earthquake,Bollettino
51975,2026-03-07 15:53:08.67,40.827833,14.124667,2.18,0.8,0.3,flegrei,earthquake,Bollettino
51976,2026-03-07 16:20:41.47,40.823667,14.1395,1.03,0.2,0.3,flegrei,earthquake,Bollettino
51978,2026-03-07 17:33:45.029,40.826333,14.120333,2.14,1.1,0.3,flegrei,earthquake,Bollettino
52009,2026-03-07 17:52:25.23,,,,-0.3,0.3,flegrei,earthquake,Bollettino
51979,2026-03-07 17:52:35.529,40.825333,14.118833,2.04,0.6,0.3,flegrei,earthquake,Bollettino
51980,2026-03-07 18:19:02.5,40.825667,14.126833,1.73,0.2,0.3,flegrei,earthquake,Bollettino
51981,2026-03-07 19:11:14.509,40.8325,14.146333,1.75,0.2,0.3,flegrei,earthquake,Bollettino
51982,2026-03-07 21:58:52.029,40.828,14.121333,2.25,0.1,0.3,flegrei,earthquake,Bollettino
51984,2026-03-08 01:13:46.69,40.826333,14.125667,1.77,-0.3,0.3,flegrei,earthquake,Bollettino
51986,2026-03-08 01:58:03.71,40.828667,14.125833,2.12,0.1,0.3,flegrei,earthquake,Bollettino
51989,2026-03-08 04:06:56.48,40.827833,14.127,2.11,0.1,0.3,flegrei,earthquake,Bollettino
51992,2026-03-08 12:23:19.109,,,,-0.5,0.3,flegrei,earthquake,Bollettino
51993,2026-03-08 12:25:03.44,40.826167,14.129167,2.18,0.5,0.3,flegrei,earthquake,Bollettino
51994,2026-03-08 13:32:51.039,40.807,14.107167,4.18,,,flegrei,earthquake,Bollettino
51995,2026-03-08 13:33:41.119,40.806667,14.109667,3.9,1,0.3,flegrei,earthquake,Bollettino
51996,2026-03-08 14:10:19.43,40.807167,14.108333,3.24,0.4,0.3,flegrei,earthquake,Bollettino
52010,2026-03-08 14:51:20.2,,,,-0.8,0.3,flegrei,earthquake,Bollettino
51998,2026-03-08 15:02:31.2,40.835833,14.117333,1.76,-0.1,0.3,flegrei,earthquake,Bollettino
52000,2026-03-08 20:18:48.789,,,,-0.3,0.3,flegrei,earthquake,Bollettino
52015,2026-03-10 11:26:41.88,40.838,14.116333,2.02,0.1,0.3,flegrei,earthquake,Bollettino
52016,2026-03-10 11:27:13.14,40.840667,14.117,2.88,0.2,0.3,flegrei,earthquake,Bollettino
52020,2026-03-11 02:55:52.549,40.839167,14.133833,2.4,0.2,0.3,flegrei,earthquake,Bollettino
52021,2026-03-11 03:01:39.14,,,,,,flegrei,earthquake,Bollettino
52024,2026-03-11 06:12:18.75,40.8265,14.131667,1.88,0.2,0.3,flegrei,earthquake,Bollettino
52023,2026-03-11 06:23:19.049,40.8275,14.132833,1.4,0.4,0.3,flegrei,earthquake,Bollettino
52025,2026-03-11 11:08:54.72,40.825667,14.136667,2.31,0.1,0.3,flegrei,earthquake,Bollettino
52027,2026-03-11 11:09:03.19,40.825667,14.1345,1.71,-0.1,0.3,flegrei,earthquake,Bollettino
52036,2026-03-11 21:22:46.21,40.8335,14.144333,1.47,0.1,0.3,flegrei,earthquake,Bollettino
52030,2026-03-12 04:50:08.23,,,,-0.3,0.3,flegrei,earthquake,Bollettino
52034,2026-03-13 02:08:41.48,40.825,14.151667,1.84,0.1,0.3,flegrei,earthquake,Bollettino
52035,2026-03-13 02:36:35.4,40.824,14.1445,1.44,0.1,0.3,flegrei,earthquake,Bollettino
52060,2026-03-13 16:24:46.289,,,,,,flegrei,earthquake,Bollettino
52039,2026-03-13 20:09:53.119,40.837667,14.087833,2.62,0.6,0.3,flegrei,earthquake,Bollettino
52059,2026-03-13 20:11:24.43,40.835333,14.120333,2.02,0.2,0.3,flegrei,earthquake,Bollettino
52044,2026-03-14 17:17:13.509,,,,-0.5,0.3,flegrei,earthquake,Bollettino
52047,2026-03-15 00:26:53.009,,,,-0.5,0.3,flegrei,earthquake,Bollettino
52049,2026-03-15 15:19:50.2,40.837,14.131167,2.22,0.4,0.3,flegrei,earthquake,Bollettino
52051,2026-03-15 20:43:48.14,40.8315,14.145,1.93,0.4,0.3,flegrei,earthquake,Bollettino
52062,2026-03-15 20:44:18.47,,,,,,flegrei,earthquake,Bollettino
52052,2026-03-15 21:38:13.38,40.831,14.140167,1.84,0.4,0.3,flegrei,earthquake,Bollettino
52055,2026-03-16 07:07:24.98,,,,-0.3,0.3,flegrei,earthquake,Bollettino
52056,2026-03-16 17:04:22.319,,,,-0.3,0.3,flegrei,earthquake,Bollettino
52070,2026-03-17 01:35:02.279,40.8315,14.142667,1.57,-0.1,0.3,flegrei,earthquake,Bollettino
52058,2026-03-17 09:54:20.95,40.827167,14.141333,2.32,-0.1,0.3,flegrei,earthquake,Bollettino
52061,2026-03-17 10:29:26.069,40.838167,14.110833,2.94,1,0.3,flegrei,earthquake,Bollettino
52066,2026-03-18 02:39:03.4,40.8365,14.112667,2.44,0.6,0.3,flegrei,earthquake,Bollettino
52067,2026-03-18 02:58:20.4,40.836667,14.116333,1.98,0.1,0.3,flegrei,earthquake,Bollettino
52068,2026-03-18 07:32:41.559,,,,,,flegrei,earthquake,Bollettino
52069,2026-03-18 09:40:09.98,40.801667,14.140833,3.81,-0.1,0.3,flegrei,earthquake,Bollettino
52071,2026-03-18 18:01:07.839,40.8335,14.145167,2.2,0.4,0.3,flegrei,earthquake,Bollettino
52072,2026-03-18 21:57:18.98,40.836667,14.111333,2.92,0.9,0.3,flegrei,earthquake,Bollettino
52073,2026-03-18 22:15:02.349,40.8375,14.110333,2.07,0.2,0.3,flegrei,earthquake,Bollettino
52076,2026-03-20 00:03:38.68,,,,-0.5,0.3,flegrei,earthquake,Bollettino
52077,2026-03-20 04:07:08.109,40.804,14.138333,4.46,0.2,0.3,flegrei,earthquake,Bollettino
52078,2026-03-20 10:49:07.259,40.825833,14.137667,0.76,1.1,0.3,flegrei,earthquake,Bollettino
52079,2026-03-20 11:58:39.049,40.829667,14.141167,1.08,-0.1,0.3,flegrei,earthquake,Bollettino
52083,2026-03-20 22:02:53.589,40.817,14.163333,2.41,1.1,0.3,flegrei,earthquake,Bollettino
52084,2026-03-20 22:16:49.339,40.816,14.159833,2.56,-0.1,0.3,flegrei,earthquake,Bollettino
52085,2026-03-20 22:27:34.839,,,,,,flegrei,earthquake,Bollettino
52086,2026-03-20 22:27:37.22,40.825833,14.142,1.12,0.7,0.3,flegrei,earthquake,Bollettino
52087,2026-03-20 23:37:23.269,,,,-0.3,0.3,flegrei,earthquake,Bollettino
52088,2026-03-20 23:59:04,,,,-0.3,0.3,flegrei,earthquake,Bollettino
52095,2026-03-21 01:16:22.69,,,,-0.1,0.3,flegrei,earthquake,Bollettino
52094,2026-03-21 04:40:07.23,,,,-0.5,0.3,flegrei,earthquake,Bollettino
52090,2026-03-21 04:41:19.319,40.830333,14.140167,0.99,0.2,0.3,flegrei,earthquake,Bollettino
52091,2026-03-21 07:36:39.079,40.826833,14.1445,1.77,-0.1,0.3,flegrei,earthquake,Bollettino
52105,2026-03-21 11:26:02.369,40.830167,14.1425,1.48,-0.1,0.3,flegrei,earthquake,Bollettino
52092,2026-03-21 14:02:15.43,40.805,14.118,4.24,0.4,0.3,flegrei,earthquake,Bollettino
52106,2026-03-21 15:39:40.66,,,,-0.5,0.3,flegrei,earthquake,Bollettino
52093,2026-03-21 15:48:16.39,40.837167,14.0785,2.03,1,0.3,flegrei,earthquake,Bollettino
52107,2026-03-21 18:09:35.069,40.830833,14.140167,1.14,0.1,0.3,flegrei,earthquake,Bollettino
52096,2026-03-21 20:31:09.74,40.836167,14.087667,2.43,0.9,0.3,flegrei,earthquake,Bollettino
52097,2026-03-21 20:53:30.579,40.804167,14.119167,2.99,1.4,0.3,flegrei,earthquake,Bollettino
52099,2026-03-22 02:22:33.079,40.8345,14.0855,2.4,1.2,0.3,flegrei,earthquake,Bollettino
52101,2026-03-22 21:55:47.039,40.834333,14.113167,1.76,0.5,0.3,flegrei,earthquake,Bollettino
52110,2026-03-23 18:47:30.769,40.793333,14.1195,2.53,0.4,0.3,flegrei,earthquake,Bollettino
52111,2026-03-23 19:12:08.41,,,,,,flegrei,earthquake,Bollettino
52123,2026-03-23 23:53:33.24,40.8275,14.13,1.84,0.2,0.3,flegrei,earthquake,Bollettino
52114,2026-03-24 06:03:40.519,,,,-0.5,0.3,flegrei,earthquake,Bollettino
52116,2026-03-24 19:18:48.71,40.810167,14.156667,2.86,0.4,0.3,flegrei,earthquake,Bollettino
52117,2026-03-24 19:20:34.819,,,,-0.1,0.3,flegrei,earthquake,Bollettino
52118,2026-03-24 20:14:28.2,,,,-0.1,0.3,flegrei,earthquake,Bollettino
52119,2026-03-24 21:38:59.059,40.828667,14.136667,2.74,0.1,0.3,flegrei,earthquake,Bollettino
52120,2026-03-24 21:50:12.69,40.829333,14.130167,1.9,-0.1,0.3,flegrei,earthquake,Bollettino
52121,2026-03-24 23:05:12.269,40.828,14.142667,2.18,0.7,0.3,flegrei,earthquake,Bollettino
52122,2026-03-25 00:33:51.509,40.827833,14.127667,1.6,0.4,0.3,flegrei,earthquake,Bollettino
52128,2026-03-25 05:52:04.7,40.828333,14.141667,1.03,0.1,0.3,flegrei,earthquake,Bollettino
52124,2026-03-25 10:04:04.16,40.825667,14.140167,2.25,1,0.3,flegrei,earthquake,Bollettino
52125,2026-03-25 17:57:07.89,40.811333,14.127,2.86,0.1,0.3,flegrei,earthquake,Bollettino
52129,2026-03-25 18:31:03.279,,,,-0.1,0.3,flegrei,earthquake,Bollettino
52126,2026-03-25 20:46:57.66,40.843833,14.129667,1.89,0.1,0.3,flegrei,earthquake,Bollettino
52130,2026-03-26 16:18:14.64,,,,-0.3,0.3,flegrei,earthquake,Bollettino
52131,2026-03-26 18:40:56.9,,,,-0.5,0.3,flegrei,earthquake,Bollettino
52132,2026-03-26 20:10:09.17,,,,-0.5,0.3,flegrei,earthquake,Bollettino
52134,2026-03-26 22:32:17.16,,,,-0.3,0.3,flegrei,earthquake,Bollettino
52133,2026-03-26 23:23:47.42,,,,-0.5,0.3,flegrei,earthquake,Bollettino
52135,2026-03-27 08:25:58.819,,,,-0.1,0.3,flegrei,earthquake,Bollettino
52137,2026-03-27 17:17:14.44,40.8145,14.155333,3.16,-0.1,0.3,flegrei,earthquake,Bollettino
52138,2026-03-27 23:12:12.39,40.833833,14.143833,1.93,0.1,0.3,flegrei,earthquake,Bollettino
52140,2026-03-28 08:44:07.64,40.824833,14.151667,1.55,0.8,0.3,flegrei,earthquake,Bollettino
52143,2026-03-28 17:29:41.029,,,,-0.1,0.3,flegrei,earthquake,Bollettino
52144,2026-03-29 01:56:15.079,40.834333,14.137833,2.11,0.1,0.3,flegrei,earthquake,Bollettino
52145,2026-03-30 13:42:32.859,,,,-0.3,0.3,flegrei,earthquake,Bollettino
52163,2026-03-30 16:56:35.88,,,,-0.5,0.3,flegrei,earthquake,Bollettino
52146,2026-03-30 16:56:56.98,,,,-0.3,0.3,flegrei,earthquake,Bollettino
52149,2026-03-30 17:49:46.48,40.824833,14.141667,0.8,0.1,0.3,flegrei,earthquake,Bollettino
52153,2026-03-30 22:00:06.19,40.8135,14.152,2.91,0.5,0.3,flegrei,earthquake,Bollettino
52158,2026-03-31 01:23:39.7,40.8245,14.144667,1.05,-0.1,0.3,flegrei,earthquake,Bollettino
52164,2026-03-31 07:28:38.94,40.823667,14.143333,0.94,-0.1,0.3,flegrei,earthquake,Bollettino
52159,2026-03-31 08:25:39.039,,,,-0.3,0.3,flegrei,earthquake,Bollettino
52160,2026-03-31 14:23:09.869,40.842,14.143167,1.09,0.7,0.3,flegrei,earthquake,Bollettino
52165,2026-04-01 16:10:27.9,40.83,14.151667,2.49,1.2,0.3,flegrei,earthquake,Bollettino
52166,2026-04-01 18:11:04.099,40.8395,14.133167,2.48,0.2,0.3,flegrei,earthquake,Bollettino
52168,2026-04-02 01:29:57.42,,,,,,flegrei,earthquake,Bollettino
52169,2026-04-02 01:44:51.68,,,,,,flegrei,earthquake,Bollettino
52170,2026-04-02 04:36:54.619,40.8065,14.143667,2.71,0.1,0.3,flegrei,earthquake,Bollettino
52171,2026-04-02 06:07:28.099,,,,-0.3,0.3,flegrei,earthquake,Bollettino
52172,2026-04-02 06:10:01.63,40.828833,14.151667,1.71,0.4,0.3,flegrei,earthquake,Bollettino
52174,2026-04-02 06:10:09.329,40.828,14.148667,1.57,1.2,0.3,flegrei,earthquake,Bollettino
52173,2026-04-02 06:12:15.769,40.825167,14.1505,1.42,0.2,0.3,flegrei,earthquake,Bollettino
52176,2026-04-02 13:34:41.24,40.820333,14.16,2.69,-0.1,0.3,flegrei,earthquake,Bollettino
52178,2026-04-02 15:50:08.91,40.824833,14.0805,2.9,1.4,0.3,flegrei,earthquake,Bollettino
52181,2026-04-03 00:21:40.46,40.839333,14.12,1.75,0.1,0.3,flegrei,earthquake,Bollettino
52183,2026-04-03 01:17:18.339,40.824,14.149833,1.15,-0.1,0.3,flegrei,earthquake,Bollettino
52184,2026-04-03 03:16:30.109,40.825833,14.144833,0.85,0.1,0.3,flegrei,earthquake,Bollettino
52185,2026-04-03 07:59:38.72,40.836333,14.130667,2.56,2.1,0.3,flegrei,earthquake,Bollettino
52186,2026-04-03 16:35:03.099,40.822,14.156,2.85,0.4,0.3,flegrei,earthquake,Bollettino
52187,2026-04-03 17:28:02.89,40.820333,14.155,2.79,0.1,0.3,flegrei,earthquake,Bollettino
52190,2026-04-03 21:14:08.7,40.816,14.087333,3.54,1,0.3,flegrei,earthquake,Bollettino
52189,2026-04-03 21:22:09.109,40.821333,14.158,2.55,0.8,0.3,flegrei,earthquake,Bollettino
52191,2026-04-04 01:20:48.63,40.817333,14.0975,2.73,0.6,0.3,flegrei,earthquake,Bollettino
52192,2026-04-04 02:00:10.15,40.808333,14.092167,3.81,0.6,0.3,flegrei,earthquake,Bollettino
52193,2026-04-04 02:34:38.89,,,,,,flegrei,earthquake,Bollettino
52196,2026-04-04 03:30:40.039,,,,,,flegrei,earthquake,Bollettino
52197,2026-04-04 04:57:47.529,,,,,,flegrei,earthquake,Bollettino
52198,2026-04-04 06:01:19.819,40.833833,14.140167,2.09,0.5,0.3,flegrei,earthquake,Bollettino
52317,2026-04-04 06:02:09.75,40.835833,14.139167,1.97,0.1,0.3,flegrei,earthquake,Bollettino
52199,2026-04-04 07:41:32.47,40.811667,14.1545,2.82,0.5,0.3,flegrei,earthquake,Bollettino
52200,2026-04-04 07:45:33.23,,,,,,flegrei,earthquake,Bollettino
52201,2026-04-04 12:06:51.599,,,,,,flegrei,earthquake,Bollettino
52319,2026-04-04 14:41:14.94,40.824833,14.149,2.47,0.1,0.3,flegrei,earthquake,Bollettino
52336,2026-04-05 04:05:39.18,,,,,,flegrei,earthquake,Bollettino
52204,2026-04-05 04:05:42.119,40.825833,14.150667,2.55,0.8,0.3,flegrei,earthquake,Bollettino
52205,2026-04-05 04:05:51.43,40.826,14.150333,2.54,1.4,0.3,flegrei,earthquake,Bollettino
52207,2026-04-05 04:05:58,,,,,,flegrei,earthquake,Bollettino
52206,2026-04-05 05:18:07,40.821333,14.143,1.89,0.2,0.3,flegrei,earthquake,Bollettino
52208,2026-04-05 05:28:41.589,,,,,,flegrei,earthquake,Bollettino
52337,2026-04-05 10:37:32.46,,,,-0.3,0.3,flegrei,earthquake,Bollettino
52210,2026-04-05 10:42:35.099,40.823,14.146833,0.86,0.9,0.3,flegrei,earthquake,Bollettino
52211,2026-04-05 14:33:22.369,40.820333,14.1455,1.35,2.1,0.3,flegrei,earthquake,Bollettino
52212,2026-04-05 14:34:02.41,40.822667,14.145333,1.46,1.7,0.3,flegrei,earthquake,Bollettino
52338,2026-04-05 14:48:42.259,,,,-0.5,0.3,flegrei,earthquake,Bollettino
52339,2026-04-05 15:46:10.99,,,,-0.3,0.3,flegrei,earthquake,Bollettino
52340,2026-04-05 18:34:01.769,,,,-0.5,0.3,flegrei,earthquake,Bollettino
52214,2026-04-05 18:34:43.19,,,,,,flegrei,earthquake,Bollettino
52215,2026-04-05 19:03:19.349,40.8245,14.086,3.2,0.7,0.3,flegrei,earthquake,Bollettino
52345,2026-04-05 19:40:01.75,40.822667,14.145667,1.29,-0.1,0.3,flegrei,earthquake,Bollettino
52216,2026-04-05 20:42:07.25,,,,,,flegrei,earthquake,Bollettino
52218,2026-04-06 00:29:44.42,40.812667,14.116833,2.85,0.9,0.3,flegrei,earthquake,Bollettino
52219,2026-04-06 02:51:50.089,40.820333,14.144833,1.43,2.1,0.3,flegrei,earthquake,Bollettino
52220,2026-04-06 02:52:13.65,40.821667,14.1455,1.18,1.5,0.3,flegrei,earthquake,Bollettino
52221,2026-04-06 06:47:09.349,40.824667,14.152833,1.54,0.2,0.3,flegrei,earthquake,Bollettino
52222,2026-04-06 13:38:09.309,40.8315,14.14,0.99,0.4,0.3,flegrei,earthquake,Bollettino
52223,2026-04-06 17:09:56.079,40.838833,14.123333,1.7,0.1,0.3,flegrei,earthquake,Bollettino
52224,2026-04-06 18:06:04.92,40.831167,14.099167,2.62,0.7,0.3,flegrei,earthquake,Bollettino
52225,2026-04-06 19:02:57.24,40.8345,14.098333,2.68,0.9,0.3,flegrei,earthquake,Bollettino
52226,2026-04-06 23:28:11.99,40.823833,14.145833,1.49,0.1,0.3,flegrei,earthquake,Bollettino
52227,2026-04-06 23:45:26.859,40.823833,14.145167,1.31,0.1,0.3,flegrei,earthquake,Bollettino
52228,2026-04-06 23:45:35.75,40.824667,14.1425,1.42,0.4,0.3,flegrei,earthquake,Bollettino
52229,2026-04-06 23:58:15.329,40.825167,14.143833,1.47,0.5,0.3,flegrei,earthquake,Bollettino
52232,2026-04-07 01:04:29.289,40.824833,14.1425,1.45,0.2,0.3,flegrei,earthquake,Bollettino
52230,2026-04-07 01:06:44.68,40.825667,14.1445,1.7,0.4,0.3,flegrei,earthquake,Bollettino
52231,2026-04-07 01:10:21.009,40.825667,14.145333,1.68,0.1,0.3,flegrei,earthquake,Bollettino
52233,2026-04-07 01:20:50.119,40.8245,14.143333,1.45,0.1,0.3,flegrei,earthquake,Bollettino
52235,2026-04-07 01:23:03.96,40.825667,14.145333,1.91,0.2,0.3,flegrei,earthquake,Bollettino
52237,2026-04-07 01:34:30.49,40.8255,14.143,1.54,0.6,0.3,flegrei,earthquake,Bollettino
52346,2026-04-07 01:34:51.67,,,,-0.1,0.3,flegrei,earthquake,Bollettino
52255,2026-04-07 01:37:54.5,40.824667,14.141,1.65,0.4,0.3,flegrei,earthquake,Bollettino
52257,2026-04-07 01:38:14.089,40.825,14.142333,1.39,0.2,0.3,flegrei,earthquake,Bollettino
52261,2026-04-07 01:40:40.16,40.826,14.142167,1.68,0.4,0.3,flegrei,earthquake,Bollettino
52242,2026-04-07 01:44:20.559,40.8245,14.142833,1.85,-0.1,0.3,flegrei,earthquake,Bollettino
52243,2026-04-07 01:44:46.9,40.825833,14.1445,1.73,0.5,0.3,flegrei,earthquake,Bollettino
52244,2026-04-07 01:46:25.64,,,,-0.3,0.3,flegrei,earthquake,Bollettino
52245,2026-04-07 01:47:00.65,40.824,14.1435,1.59,-0.1,0.3,flegrei,earthquake,Bollettino
52247,2026-04-07 01:47:44.93,40.823833,14.145167,0.94,-0.1,0.3,flegrei,earthquake,Bollettino
52250,2026-04-07 01:53:57.43,40.8255,14.144833,1.67,0.1,0.3,flegrei,earthquake,Bollettino
52251,2026-04-07 01:56:11.259,40.8245,14.144333,1.77,0.1,0.3,flegrei,earthquake,Bollettino
52264,2026-04-07 02:26:53.18,40.825167,14.140667,1.82,0.5,0.3,flegrei,earthquake,Bollettino
52265,2026-04-07 02:30:01.589,,,,,,flegrei,earthquake,Bollettino
52266,2026-04-07 02:30:34.329,40.824333,14.143167,1.67,-0.1,0.3,flegrei,earthquake,Bollettino
52267,2026-04-07 02:32:45.93,40.826,14.143333,1.92,0.8,0.3,flegrei,earthquake,Bollettino
52291,2026-04-07 02:32:57.97,40.8255,14.143,2.29,3.3,0.3,flegrei,earthquake,Bollettino
52356,2026-04-07 02:33:20.44,40.825167,14.139833,1.27,0.4,0.3,flegrei,earthquake,Bollettino
52357,2026-04-07 02:33:32.23,40.823167,14.142833,1.63,0.2,0.3,flegrei,earthquake,Bollettino
52360,2026-04-07 02:33:52.609,,,,,,flegrei,earthquake,Bollettino
52350,2026-04-07 02:34:14.71,,,,,,flegrei,earthquake,Bollettino
52351,2026-04-07 02:34:25.519,,,,-0.1,0.3,flegrei,earthquake,Bollettino
52303,2026-04-07 02:34:33.089,40.826667,14.143167,1.73,1.6,0.3,flegrei,earthquake,Bollettino
52362,2026-04-07 02:35:00.17,40.820333,14.149,2,-0.8,0.3,flegrei,earthquake,Bollettino
52270,2026-04-07 02:35:26.75,,,,-0.8,0.3,flegrei,earthquake,Bollettino
52271,2026-04-07 02:35:52.13,,,,,,flegrei,earthquake,Bollettino
52272,2026-04-07 02:36:12.92,,,,,,flegrei,earthquake,Bollettino
52273,2026-04-07 02:36:35.72,,,,-0.3,0.3,flegrei,earthquake,Bollettino
52274,2026-04-07 02:36:47.839,40.825667,14.1445,1.53,0.6,0.3,flegrei,earthquake,Bollettino
52275,2026-04-07 02:37:12.359,,,,-0.5,0.3,flegrei,earthquake,Bollettino
52276,2026-04-07 02:37:54.039,,,,,,flegrei,earthquake,Bollettino
52277,2026-04-07 02:38:00.75,,,,-0.3,0.3,flegrei,earthquake,Bollettino
52279,2026-04-07 02:38:34.64,40.824667,14.1435,2.41,2.8,0.3,flegrei,earthquake,Bollettino
52280,2026-04-07 02:40:17.25,,,,,,flegrei,earthquake,Bollettino
52378,2026-04-07 02:40:21.63,,,,-0.3,0.3,flegrei,earthquake,Bollettino
52281,2026-04-07 02:40:44.599,,,,,,flegrei,earthquake,Bollettino
52282,2026-04-07 02:43:42.079,,,,,,flegrei,earthquake,Bollettino
52283,2026-04-07 02:47:49.019,,,,-0.5,0.3,flegrei,earthquake,Bollettino
52312,2026-04-07 02:48:49.779,40.830333,14.137,2.78,0.4,0.3,flegrei,earthquake,Bollettino
52379,2026-04-07 02:48:57.44,,,,-0.1,0.3,flegrei,earthquake,Bollettino
52285,2026-04-07 02:49:06.17,,,,-0.5,0.3,flegrei,earthquake,Bollettino
52286,2026-04-07 02:51:32.5,,,,,,flegrei,earthquake,Bollettino
52287,2026-04-07 02:58:14.039,,,,,,flegrei,earthquake,Bollettino
52309,2026-04-07 02:59:38.69,,,,-0.8,0.3,flegrei,earthquake,Bollettino
52288,2026-04-07 03:00:24.759,40.825,14.145167,1.1,-0.1,0.3,flegrei,earthquake,Bollettino
52289,2026-04-07 03:01:37.41,40.824833,14.141333,1.31,0.2,0.3,flegrei,earthquake,Bollettino
52290,2026-04-07 03:02:32.019,40.822167,14.1425,1.85,0.4,0.3,flegrei,earthquake,Bollettino
52292,2026-04-07 03:13:49.2,40.829833,14.148,1.37,0.1,0.3,flegrei,earthquake,Bollettino
52308,2026-04-07 03:16:43.289,40.829,14.15,1.15,0.4,0.3,flegrei,earthquake,Bollettino
52293,2026-04-07 03:17:32.819,40.825333,14.146,1.72,0.5,0.3,flegrei,earthquake,Bollettino
52294,2026-04-07 03:20:41.41,40.824833,14.142333,1.42,0.4,0.3,flegrei,earthquake,Bollettino
52295,2026-04-07 03:20:52.89,40.824833,14.142667,1.14,0.2,0.3,flegrei,earthquake,Bollettino
52296,2026-04-07 03:21:37.95,,,,-0.5,0.3,flegrei,earthquake,Bollettino
52310,2026-04-07 03:22:17.49,40.829333,14.151667,1.07,-0.1,0.3,flegrei,earthquake,Bollettino
52297,2026-04-07 03:24:14,,,,-0.5,0.3,flegrei,earthquake,Bollettino
52298,2026-04-07 03:25:44.279,,,,-0.5,0.3,flegrei,earthquake,Bollettino
52299,2026-04-07 03:27:45.93,,,,-0.5,0.3,flegrei,earthquake,Bollettino
52300,2026-04-07 03:33:28.95,40.823167,14.141667,1.62,0.2,0.3,flegrei,earthquake,Bollettino
52301,2026-04-07 03:35:54.23,,,,,,flegrei,earthquake,Bollettino
52302,2026-04-07 03:37:57.16,,,,-0.3,0.3,flegrei,earthquake,Bollettino
52305,2026-04-07 03:42:01.289,40.823167,14.145167,1.88,0.2,0.3,flegrei,earthquake,Bollettino
52304,2026-04-07 03:56:52.89,,,,-0.5,0.3,flegrei,earthquake,Bollettino
52306,2026-04-07 04:13:34.339,,,,-0.5,0.3,flegrei,earthquake,Bollettino
52307,2026-04-07 04:14:16.859,,,,-0.5,0.3,flegrei,earthquake,Bollettino
52396,2026-04-07 05:13:28.059,40.8245,14.145167,1.55,-0.8,0.3,flegrei,earthquake,Bollettino
52397,2026-04-07 05:37:09.97,,,,,,flegrei,earthquake,Bollettino
52314,2026-04-07 05:59:32.049,40.8215,14.1405,1.9,-0.3,0.3,flegrei,earthquake,Bollettino
52409,2026-04-07 06:12:21.609,40.819667,14.143833,2.13,-0.5,0.3,flegrei,earthquake,Bollettino
52315,2026-04-07 07:38:44.95,,,,,,flegrei,earthquake,Bollettino
52410,2026-04-07 07:52:46.39,40.823667,14.1445,1.49,-0.3,0.3,flegrei,earthquake,Bollettino
52316,2026-04-07 09:05:52.44,,,,-0.8,0.3,flegrei,earthquake,Bollettino
52318,2026-04-07 12:03:07.66,40.825667,14.144,1.4,0.1,0.3,flegrei,earthquake,Bollettino
52320,2026-04-07 13:42:14.329,40.823,14.136,2.31,0.1,0.3,flegrei,earthquake,Bollettino
52411,2026-04-07 14:22:38.049,,,,,,flegrei,earthquake,Bollettino
52412,2026-04-07 15:07:33.069,40.822667,14.138,1.84,-0.1,0.3,flegrei,earthquake,Bollettino
52413,2026-04-07 15:07:50.579,40.823333,14.136833,2.09,-0.3,0.3,flegrei,earthquake,Bollettino
52321,2026-04-07 15:32:34.64,40.815167,14.157,3.06,0.1,0.3,flegrei,earthquake,Bollettino
52322,2026-04-07 16:19:29.089,,,,-0.3,0.3,flegrei,earthquake,Bollettino
52398,2026-04-07 16:23:27.369,40.828333,14.137667,1.18,0.1,0.3,flegrei,earthquake,Bollettino
52399,2026-04-07 17:01:33.47,,,,-0.5,0.3,flegrei,earthquake,Bollettino
52323,2026-04-07 17:18:15.059,40.822667,14.142167,1.74,0.4,0.3,flegrei,earthquake,Bollettino
52324,2026-04-07 17:35:25.789,40.824,14.128,2.18,0.1,0.3,flegrei,earthquake,Bollettino
52400,2026-04-07 17:42:49.359,,,,-0.1,0.3,flegrei,earthquake,Bollettino
52325,2026-04-07 18:54:43.529,,,,-0.3,0.3,flegrei,earthquake,Bollettino
52329,2026-04-07 19:14:00.599,40.820333,14.142,1.09,0.2,0.3,flegrei,earthquake,Bollettino
52328,2026-04-07 19:22:19.079,,,,-0.3,0.3,flegrei,earthquake,Bollettino
52401,2026-04-07 19:29:14.64,40.824333,14.137333,0.64,-0.1,0.3,flegrei,earthquake,Bollettino
52402,2026-04-07 20:02:35.319,,,,,,flegrei,earthquake,Bollettino
52403,2026-04-07 20:12:46.059,,,,-0.1,0.3,flegrei,earthquake,Bollettino
52404,2026-04-07 20:19:24.25,40.823333,14.137167,0.36,0.1,0.3,flegrei,earthquake,Bollettino
52330,2026-04-07 20:38:43.299,40.823667,14.1375,0.77,0.1,0.3,flegrei,earthquake,Bollettino
52405,2026-04-07 20:59:28.289,40.824333,14.135,0.51,-0.1,0.3,flegrei,earthquake,Bollettino
52331,2026-04-07 22:41:26.009,40.8245,14.137,0.83,-0.1,0.3,flegrei,earthquake,Bollettino
52332,2026-04-07 22:45:57.94,40.8245,14.135167,0.53,-0.1,0.3,flegrei,earthquake,Bollettino
52335,2026-04-08 01:24:08.16,,,,,,flegrei,earthquake,Bollettino
52406,2026-04-08 01:40:36.25,40.817167,14.159667,2.73,0.4,0.3,flegrei,earthquake,Bollettino
52407,2026-04-08 04:23:46.349,40.822333,14.149,1.55,0.1,0.3,flegrei,earthquake,Bollettino
52341,2026-04-08 08:22:46.71,,,,-0.1,0.3,flegrei,earthquake,Bollettino
52342,2026-04-08 09:15:56.539,40.823333,14.140667,0.68,0.2,0.3,flegrei,earthquake,Bollettino
52408,2026-04-08 09:37:24.819,,,,,,flegrei,earthquake,Bollettino
52344,2026-04-08 10:03:09.44,40.828333,14.135,1.32,0.4,0.3,flegrei,earthquake,Bollettino
52347,2026-04-08 12:38:59.119,40.823,14.133333,0.7,2.3,0.3,flegrei,earthquake,Bollettino
52348,2026-04-08 12:41:16.96,,,,,,flegrei,earthquake,Bollettino
52349,2026-04-08 12:45:09.21,40.824167,14.136167,0.53,0.4,0.3,flegrei,earthquake,Bollettino
52419,2026-04-08 12:46:17.98,,,,,,flegrei,earthquake,Bollettino
52352,2026-04-08 13:08:12.809,40.825833,14.139333,1.18,0.4,0.3,flegrei,earthquake,Bollettino
52353,2026-04-08 13:10:24.2,40.826333,14.139167,1.02,0.4,0.3,flegrei,earthquake,Bollettino
52420,2026-04-08 13:11:15.48,,,,-0.1,0.3,flegrei,earthquake,Bollettino
52354,2026-04-08 13:12:19.619,40.825,14.1405,0.95,0.2,0.3,flegrei,earthquake,Bollettino
52355,2026-04-08 13:19:59.099,40.823,14.138333,0.88,1.9,0.3,flegrei,earthquake,Bollettino
52358,2026-04-08 13:21:50.609,,,,,,flegrei,earthquake,Bollettino
52359,2026-04-08 13:23:30.38,,,,,,flegrei,earthquake,Bollettino
52421,2026-04-08 13:24:30.39,40.825,14.131667,0.99,0.4,0.3,flegrei,earthquake,Bollettino
52422,2026-04-08 13:27:02.23,,,,,,flegrei,earthquake,Bollettino
52423,2026-04-08 13:28:28.25,,,,-0.3,0.3,flegrei,earthquake,Bollettino
52361,2026-04-08 13:32:56.99,40.824167,14.133167,0.21,1.1,0.3,flegrei,earthquake,Bollettino
52363,2026-04-08 14:48:57.269,40.823,14.134667,1.23,3.4,0.3,flegrei,earthquake,Bollettino
52364,2026-04-08 14:51:19.349,40.8225,14.1395,1.07,1.1,0.3,flegrei,earthquake,Bollettino
52365,2026-04-08 14:52:39.23,,,,,,flegrei,earthquake,Bollettino
52441,2026-04-08 14:54:02.47,,,,-0.1,0.3,flegrei,earthquake,Bollettino
52442,2026-04-08 14:54:15.599,,,,-0.3,0.3,flegrei,earthquake,Bollettino
52443,2026-04-08 15:01:52.7,,,,-0.3,0.3,flegrei,earthquake,Bollettino
52444,2026-04-08 15:01:59.67,,,,-0.3,0.3,flegrei,earthquake,Bollettino
52366,2026-04-08 15:02:25.75,,,,,,flegrei,earthquake,Bollettino
52445,2026-04-08 15:13:46.309,,,,-0.1,0.3,flegrei,earthquake,Bollettino
52447,2026-04-08 15:17:28.849,40.824667,14.134167,0.8,0.2,0.3,flegrei,earthquake,Bollettino
52448,2026-04-08 15:19:22.779,40.825167,14.132833,0.86,0.2,0.3,flegrei,earthquake,Bollettino
52367,2026-04-08 15:21:50.279,40.825833,14.1345,0.97,0.1,0.3,flegrei,earthquake,Bollettino
52368,2026-04-08 15:25:19.099,,,,,,flegrei,earthquake,Bollettino
52369,2026-04-08 15:27:48.789,40.8265,14.1415,0.76,0.1,0.3,flegrei,earthquake,Bollettino
52370,2026-04-08 15:31:55.549,40.824833,14.136333,0.77,0.9,0.3,flegrei,earthquake,Bollettino
52450,2026-04-08 15:32:44.89,,,,-0.3,0.3,flegrei,earthquake,Bollettino
52451,2026-04-08 15:33:21,,,,-0.3,0.3,flegrei,earthquake,Bollettino
52372,2026-04-08 15:34:03.539,40.824333,14.1375,0.95,0.2,0.3,flegrei,earthquake,Bollettino
52453,2026-04-08 15:37:43.43,,,,-0.1,0.3,flegrei,earthquake,Bollettino
52454,2026-04-08 15:38:03.539,40.825667,14.139,0.96,-0.1,0.3,flegrei,earthquake,Bollettino
52371,2026-04-08 15:42:17.93,40.824333,14.137167,0.49,0.5,0.3,flegrei,earthquake,Bollettino
52455,2026-04-08 15:53:22.819,,,,-0.1,0.3,flegrei,earthquake,Bollettino
52373,2026-04-08 16:00:36.88,40.8315,14.125333,2.44,-0.1,0.3,flegrei,earthquake,Bollettino
52374,2026-04-08 16:00:49.789,40.820167,14.138667,0.84,0.2,0.3,flegrei,earthquake,Bollettino
52375,2026-04-08 16:03:49.5,,,,-0.1,0.3,flegrei,earthquake,Bollettino
52376,2026-04-08 16:21:43.069,40.821667,14.1395,0.73,0.5,0.3,flegrei,earthquake,Bollettino
52377,2026-04-08 16:50:58.93,40.826833,14.132833,2.43,0.1,0.3,flegrei,earthquake,Bollettino
52380,2026-04-08 18:31:14.519,40.8285,14.138167,1.86,0.1,0.3,flegrei,earthquake,Bollettino
52381,2026-04-08 18:32:44.17,40.828333,14.1385,1.75,0.1,0.3,flegrei,earthquake,Bollettino
52382,2026-04-08 19:39:34.67,40.829833,14.140167,2,0.7,0.3,flegrei,earthquake,Bollettino
52383,2026-04-08 19:48:29.72,40.8285,14.142,2.16,0.1,0.3,flegrei,earthquake,Bollettino
52384,2026-04-08 22:51:32.13,40.8235,14.139667,0.76,0.1,0.3,flegrei,earthquake,Bollettino
52436,2026-04-09 01:06:31.75,40.819167,14.141,0.63,0.2,0.3,flegrei,earthquake,Bollettino
52385,2026-04-09 01:19:39.64,,,,-0.1,0.3,flegrei,earthquake,Bollettino
52386,2026-04-09 01:37:10.25,40.825833,14.154167,1.44,0.1,0.3,flegrei,earthquake,Bollettino
52387,2026-04-09 01:43:57.869,40.823667,14.138167,2,1.4,0.3,flegrei,earthquake,Bollettino
52388,2026-04-09 01:51:05.49,,,,-0.3,0.3,flegrei,earthquake,Bollettino
52389,2026-04-09 01:51:20.25,,,,-0.1,0.3,flegrei,earthquake,Bollettino
52390,2026-04-09 02:07:47.65,40.822167,14.137833,1.51,0.2,0.3,flegrei,earthquake,Bollettino
52391,2026-04-09 02:35:05.14,40.822167,14.1395,1.75,0.1,0.3,flegrei,earthquake,Bollettino
52392,2026-04-09 02:52:08.619,40.8225,14.137667,1.54,0.1,0.3,flegrei,earthquake,Bollettino
52393,2026-04-09 02:54:22.41,,,,,,flegrei,earthquake,Bollettino
52394,2026-04-09 02:56:37.65,40.822333,14.136833,1.32,0.5,0.3,flegrei,earthquake,Bollettino
52437,2026-04-09 03:27:57.64,,,,-0.3,0.3,flegrei,earthquake,Bollettino
52395,2026-04-09 04:38:22.809,40.819,14.1375,1,-0.1,0.3,flegrei,earthquake,Bollettino
52438,2026-04-09 15:04:23.519,40.822333,14.138667,1.01,0.1,0.3,flegrei,earthquake,Bollettino
52414,2026-04-09 16:55:34.359,,,,-0.1,0.3,flegrei,earthquake,Bollettino
52415,2026-04-09 19:20:56.88,40.838667,14.1275,2.62,1.4,0.3,flegrei,earthquake,Bollettino
52416,2026-04-09 19:24:12.359,40.842,14.127667,2.38,-0.1,0.3,flegrei,earthquake,Bollettino
52417,2026-04-09 19:26:03.509,40.839167,14.1255,1.98,-0.1,0.3,flegrei,earthquake,Bollettino
52418,2026-04-10 03:39:16.88,40.834167,14.119833,2.67,0.8,0.3,flegrei,earthquake,Bollettino
52439,2026-04-10 16:33:12.48,,,,-0.3,0.3,flegrei,earthquake,Bollettino
52424,2026-04-10 16:35:33.17,40.829,14.1435,1.75,-0.1,0.3,flegrei,earthquake,Bollettino
52425,2026-04-10 18:49:53.079,40.8315,14.107333,1.8,0.8,0.3,flegrei,earthquake,Bollettino
52426,2026-04-10 19:37:14.93,40.815833,14.160833,2.79,0.2,0.3,flegrei,earthquake,Bollettino
52427,2026-04-10 20:15:51.819,,,,-0.3,0.3,flegrei,earthquake,Bollettino
52428,2026-04-10 20:22:47.039,40.805667,14.129833,3.7,0.7,0.3,flegrei,earthquake,Bollettino
52430,2026-04-10 23:26:14.269,40.817,14.159333,2.08,0.4,0.3,flegrei,earthquake,Bollettino
52449,2026-04-12 12:23:08.799,40.8315,14.140167,1.87,-0.5,0.3,flegrei,earthquake,Bollettino
52452,2026-04-12 21:30:49.2,,,,,,flegrei,earthquake,Bollettino
52434,2026-04-12 21:31:39.94,40.825333,14.152667,1.87,,,flegrei,earthquake,Bollettino
52435,2026-04-12 21:32:19.349,40.8255,14.152833,1.49,-0.1,0.3,flegrei,earthquake,Bollettino
52456,2026-04-13 16:43:48.779,40.814167,14.129167,2.81,0.1,0.3,flegrei,earthquake,Bollettino
52457,2026-04-13 21:12:54.73,40.840333,14.120333,2.59,1.8,0.3,flegrei,earthquake,Bollettino
52458,2026-04-13 21:49:21.509,,,,-0.1,0.3,flegrei,earthquake,Bollettino
52459,2026-04-14 00:50:16.94,40.842,14.118333,2.64,0.2,0.3,flegrei,earthquake,Bollettino
52460,2026-04-14 00:50:28.41,40.844167,14.113,2.96,0.5,0.3,flegrei,earthquake,Bollettino
52461,2026-04-14 01:10:06.549,,,,-0.3,0.3,flegrei,earthquake,Bollettino
52462,2026-04-14 01:13:27.75,40.840833,14.119833,1.82,0.4,0.3,flegrei,earthquake,Bollettino
52463,2026-04-14 19:18:14.529,40.834333,14.146167,2.14,1,0.3,flegrei,earthquake,Bollettino
52466,2026-04-15 19:24:26.49,40.824667,14.151667,1.13,0.2,0.3,flegrei,earthquake,Bollettino
52467,2026-04-16 00:14:43.289,,,,-0.5,0.3,flegrei,earthquake,Bollettino
52483,2026-04-16 00:14:54.5,40.824,14.144,0.89,-0.1,0.3,flegrei,earthquake,Bollettino
52484,2026-04-16 03:24:32.099,,,,-0.3,0.3,flegrei,earthquake,Bollettino
52468,2026-04-16 13:04:08.079,,,,-0.3,0.3,flegrei,earthquake,Bollettino
52472,2026-04-17 01:51:55,40.834,14.1455,1.93,0.4,0.3,flegrei,earthquake,Bollettino
52475,2026-04-17 02:05:02.21,40.822333,14.144833,1.62,1.7,0.3,flegrei,earthquake,Bollettino
52477,2026-04-17 09:10:29.74,,,,-0.1,0.3,flegrei,earthquake,Bollettino
52485,2026-04-18 02:46:08.14,40.828667,14.139,1.93,-0.1,0.3,flegrei,earthquake,Bollettino
52479,2026-04-18 07:46:57.079,40.819667,14.142333,0.35,0.6,0.3,flegrei,earthquake,Bollettino
52480,2026-04-18 10:15:30.119,40.822333,14.137833,0.23,0.9,0.3,flegrei,earthquake,Bollettino
52481,2026-04-18 11:52:31.25,,,,,,flegrei,earthquake,Bollettino
52498,2026-04-18 14:32:22.059,40.821167,14.143333,0.62,-0.1,0.3,flegrei,earthquake,Bollettino
52482,2026-04-18 14:36:21.68,40.839667,14.118333,2.82,0.5,0.3,flegrei,earthquake,Bollettino
52486,2026-04-18 22:09:51.099,40.826167,14.140167,0.98,0.5,0.3,flegrei,earthquake,Bollettino
52489,2026-04-19 05:43:09.859,40.835,14.147,2.32,-0.1,0.3,flegrei,earthquake,Bollettino
52490,2026-04-19 20:35:45.25,40.828167,14.140833,1.31,0.7,0.3,flegrei,earthquake,Bollettino
52499,2026-04-19 21:37:28.63,40.831333,14.151667,2.75,0.1,0.3,flegrei,earthquake,Bollettino
52491,2026-04-19 21:40:14.299,,,,-0.5,0.3,flegrei,earthquake,Bollettino
52493,2026-04-19 23:34:03.339,40.836667,14.127833,1.41,0.1,0.3,flegrei,earthquake,Bollettino
52495,2026-04-20 08:57:19.92,40.833,14.131833,1.64,1.3,0.3,flegrei,earthquake,Bollettino
52496,2026-04-20 09:40:34.539,40.799833,14.135333,3.73,0.6,0.3,flegrei,earthquake,Bollettino
52501,2026-04-20 15:03:02.7,40.8305,14.136333,2.48,-0.1,0.3,flegrei,earthquake,Bollettino
52497,2026-04-20 17:03:32.299,40.821667,14.140667,1.69,0.1,0.3,flegrei,earthquake,Bollettino
52502,2026-04-21 02:18:06.16,40.825167,14.148333,1.64,-0.1,0.3,flegrei,earthquake,Bollettino
52500,2026-04-21 09:20:12.7,40.846167,14.130333,1.43,0.1,0.3,flegrei,earthquake,Bollettino
52503,2026-04-21 15:38:05,40.825833,14.1465,2.29,0.4,0.3,flegrei,earthquake,Bollettino
52511,2026-04-21 19:04:21.279,,,,-0.3,0.3,flegrei,earthquake,Bollettino
52504,2026-04-21 19:26:39.059,40.818167,14.158833,2.56,0.6,0.3,flegrei,earthquake,Bollettino
52505,2026-04-21 19:38:51.71,40.818167,14.161167,2.79,0.4,0.3,flegrei,earthquake,Bollettino
52507,2026-04-21 22:29:17.25,40.8135,14.161,3.18,-0.1,0.3,flegrei,earthquake,Bollettino
52510,2026-04-23 06:12:12.299,40.8445,14.1235,1.49,0.8,0.3,flegrei,earthquake,Bollettino
52512,2026-04-23 07:25:27.299,40.838667,14.1185,2.18,0.2,0.3,flegrei,earthquake,Bollettino
52513,2026-04-23 10:38:52.68,,,,-0.5,0.3,flegrei,earthquake,Bollettino
52519,2026-04-24 01:56:40.349,40.821167,14.163167,2.66,0.2,0.3,flegrei,earthquake,Bollettino
52520,2026-04-25 01:52:14,40.820833,14.085167,2.89,1,0.3,flegrei,earthquake,Bollettino
52522,2026-04-25 02:35:29.15,40.820333,14.14,2.52,0.1,0.3,flegrei,earthquake,Bollettino
52523,2026-04-25 02:38:48.47,40.820333,14.136333,2.64,0.2,0.3,flegrei,earthquake,Bollettino
52543,2026-04-25 02:42:30.68,40.8295,14.142833,2.34,0.7,0.3,flegrei,earthquake,Bollettino
52544,2026-04-25 02:42:53.74,40.831333,14.147,2.92,0.2,0.3,flegrei,earthquake,Bollettino
52524,2026-04-25 02:47:05.269,40.821333,14.1365,2.74,1.9,0.3,flegrei,earthquake,Bollettino
52526,2026-04-25 02:49:14.41,,,,,,flegrei,earthquake,Bollettino
52527,2026-04-25 16:51:00.14,40.828333,14.141667,1.42,0.5,0.3,flegrei,earthquake,Bollettino
52528,2026-04-25 18:20:23.549,40.838667,14.127333,3.41,0.2,0.3,flegrei,earthquake,Bollettino
52530,2026-04-25 20:45:46.109,,,,-0.1,0.3,flegrei,earthquake,Bollettino
52531,2026-04-25 20:50:27.269,,,,,,flegrei,earthquake,Bollettino
52532,2026-04-25 23:07:17.019,40.824333,14.141667,1.1,0.1,0.3,flegrei,earthquake,Bollettino
52539,2026-04-26 19:03:48.74,40.823333,14.149,2.28,0.1,0.3,flegrei,earthquake,Bollettino
52540,2026-04-26 19:04:34,40.824667,14.149,2.18,0.1,0.3,flegrei,earthquake,Bollettino
52555,2026-04-27 08:04:53.009,,,,-0.1,0.3,flegrei,earthquake,Bollettino
52545,2026-04-27 10:42:07.13,40.828,14.139667,1.19,1.1,0.3,flegrei,earthquake,Bollettino
52556,2026-04-27 10:45:34.779,,,,-0.1,0.3,flegrei,earthquake,Bollettino
52548,2026-04-27 16:47:21.25,40.828333,14.141333,1.05,0.4,0.3,flegrei,earthquake,Bollettino
52552,2026-04-27 23:00:49.67,40.835667,14.129667,2.35,0.6,0.3,flegrei,earthquake,Bollettino
52553,2026-04-28 01:18:21.48,40.839333,14.114667,2.69,0.1,0.3,flegrei,earthquake,Bollettino
52557,2026-04-28 05:40:27.68,,,,,,flegrei,earthquake,Bollettino
52558,2026-04-28 05:48:19.509,,,,-0.1,0.3,flegrei,earthquake,Bollettino
52559,2026-04-28 05:49:29.519,,,,-0.3,0.3,flegrei,earthquake,Bollettino
52554,2026-04-28 09:16:00.029,40.819,14.1635,2.74,0.6,0.3,flegrei,earthquake,Bollettino
52560,2026-04-28 09:48:58.49,,,,-0.3,0.3,flegrei,earthquake,Bollettino
52572,2026-04-28 19:07:46.44,40.823833,14.1595,2.77,-0.1,0.3,flegrei,earthquake,Bollettino
52562,2026-04-28 20:13:37.069,40.823667,14.153833,2.45,-0.1,0.3,flegrei,earthquake,Bollettino
52567,2026-04-29 19:36:26.46,40.8275,14.151667,2.53,0.5,0.3,flegrei,earthquake,Bollettino
52569,2026-04-29 22:00:57.25,,,,-0.1,0.3,flegrei,earthquake,Bollettino
52571,2026-04-30 03:46:15.67,40.8265,14.138833,1.05,0.4,0.3,flegrei,earthquake,Bollettino
52576,2026-05-01 20:29:39.75,,,,-0.3,0.3,flegrei,earthquake,Bollettino
52597,2026-05-01 21:08:49.18,40.817167,14.159833,2.84,-0.1,0.3,flegrei,earthquake,Bollettino
52578,2026-05-01 21:31:36.7,40.828333,14.123667,1.78,-0.1,0.3,flegrei,earthquake,Bollettino
52598,2026-05-01 22:12:52.41,40.8255,14.124667,1.47,0.1,0.3,flegrei,earthquake,Bollettino
52599,2026-05-01 22:14:03.49,,,,-0.3,0.3,flegrei,earthquake,Bollettino
52579,2026-05-01 23:17:57.65,40.8295,14.141667,2.25,0.4,0.3,flegrei,earthquake,Bollettino
52600,2026-05-01 23:18:15.68,,,,-0.3,0.3,flegrei,earthquake,Bollettino
52601,2026-05-01 23:21:17,,,,-0.5,0.3,flegrei,earthquake,Bollettino
52580,2026-05-01 23:23:49.019,,,,-0.3,0.3,flegrei,earthquake,Bollettino
52581,2026-05-01 23:29:55.349,,,,-0.3,0.3,flegrei,earthquake,Bollettino
52583,2026-05-02 08:01:29.859,40.826167,14.147833,2.14,0.1,0.3,flegrei,earthquake,Bollettino
52603,2026-05-02 14:47:56.309,,,,-0.3,0.3,flegrei,earthquake,Bollettino
52604,2026-05-02 22:30:44.049,,,,-0.3,0.3,flegrei,earthquake,Bollettino
52585,2026-05-02 23:40:45.95,,,,,,flegrei,earthquake,Bollettino
52586,2026-05-02 23:58:34.43,40.827167,14.126833,2.35,0.8,0.3,flegrei,earthquake,Bollettino
52587,2026-05-03 00:46:49.13,40.822833,14.1255,0.98,0.1,0.3,flegrei,earthquake,Bollettino
52606,2026-05-03 00:56:15.16,,,,-0.3,0.3,flegrei,earthquake,Bollettino
52607,2026-05-03 01:57:26.859,,,,-0.3,0.3,flegrei,earthquake,Bollettino
52608,2026-05-03 02:02:12.91,40.834167,14.146333,1.6,-0.1,0.3,flegrei,earthquake,Bollettino
52588,2026-05-03 03:12:04.95,,,,-0.3,0.3,flegrei,earthquake,Bollettino
52609,2026-05-03 03:53:18.529,,,,-0.5,0.3,flegrei,earthquake,Bollettino
52589,2026-05-03 04:44:29.4,40.826,14.124,1.58,0.2,0.3,flegrei,earthquake,Bollettino
52595,2026-05-04 03:15:54.329,40.828667,14.1365,1.43,-0.1,0.3,flegrei,earthquake,Bollettino
52610,2026-05-04 04:02:34.329,,,,-0.3,0.3,flegrei,earthquake,Bollettino
52596,2026-05-04 04:03:26.49,,,,-0.3,0.3,flegrei,earthquake,Bollettino
52625,2026-05-05 15:20:55.319,,,,0.1,0.3,flegrei,earthquake,Bollettino
52626,2026-05-05 15:31:37.69,,,,,,flegrei,earthquake,Bollettino
52614,2026-05-05 17:46:40.75,40.817,14.158667,2.82,0.4,0.3,flegrei,earthquake,Bollettino
52615,2026-05-05 18:31:55.569,40.826167,14.146333,0.93,0.1,0.3,flegrei,earthquake,Bollettino
52627,2026-05-05 18:43:35.95,,,,-0.5,0.3,flegrei,earthquake,Bollettino
52628,2026-05-05 21:36:59.329,,,,,,flegrei,earthquake,Bollettino
52629,2026-05-05 21:40:31.14,,,,,,flegrei,earthquake,Bollettino
52631,2026-05-05 21:43:08.63,,,,-0.1,0.3,flegrei,earthquake,Bollettino
52616,2026-05-05 21:51:32.359,40.828833,14.123333,1.8,0.2,0.3,flegrei,earthquake,Bollettino
52617,2026-05-05 22:10:08.349,40.829333,14.1245,2.45,0.7,0.3,flegrei,earthquake,Bollettino
52618,2026-05-05 23:26:49.569,40.836833,14.121,2.74,1.9,0.3,flegrei,earthquake,Bollettino
52619,2026-05-05 23:31:02.529,,,,-0.5,0.3,flegrei,earthquake,Bollettino
52620,2026-05-06 00:03:05.38,,,,-0.3,0.3,flegrei,earthquake,Bollettino
52621,2026-05-06 00:42:55.869,40.827333,14.119333,1.61,0.5,0.3,flegrei,earthquake,Bollettino
52622,2026-05-06 00:52:02.759,40.8265,14.119833,1.77,0.5,0.3,flegrei,earthquake,Bollettino
52623,2026-05-06 00:52:56.38,,,,-0.1,0.3,flegrei,earthquake,Bollettino
52649,2026-05-06 04:17:07.119,,,,-0.3,0.3,flegrei,earthquake,Bollettino
52630,2026-05-06 09:07:39.769,40.834333,14.126,1.86,0.1,0.3,flegrei,earthquake,Bollettino
52635,2026-05-06 14:26:47.7,40.837,14.130833,1.73,0.6,0.3,flegrei,earthquake,Bollettino
52633,2026-05-06 14:32:39.93,40.8035,14.125333,4.26,1.5,0.3,flegrei,earthquake,Bollettino
52634,2026-05-06 14:33:06.599,40.800667,14.128167,4.21,1,0.3,flegrei,earthquake,Bollettino
52651,2026-05-06 16:44:04.63,,,,,,flegrei,earthquake,Bollettino
52642,2026-05-06 18:54:47.25,40.8335,14.146,1.78,0.2,0.3,flegrei,earthquake,Bollettino
52641,2026-05-06 19:00:40.99,,,,-0.5,0.3,flegrei,earthquake,Bollettino
52643,2026-05-06 19:08:59.819,40.839,14.128167,1.92,0.2,0.3,flegrei,earthquake,Bollettino
52644,2026-05-06 19:31:37.13,40.831333,14.140833,1.45,0.5,0.3,flegrei,earthquake,Bollettino
52645,2026-05-06 22:38:43.869,40.828167,14.120333,1.54,0.5,0.3,flegrei,earthquake,Bollettino
52652,2026-05-07 12:31:50.45,40.829667,14.122167,0.86,0.1,0.3,flegrei,earthquake,Bollettino
52653,2026-05-07 12:46:36.319,,,,,,flegrei,earthquake,Bollettino
52654,2026-05-07 14:59:14.67,40.827,14.124833,1.77,0.4,0.3,flegrei,earthquake,Bollettino
52655,2026-05-07 14:59:23.579,40.827167,14.120333,1.77,0.2,0.3,flegrei,earthquake,Bollettino
52659,2026-05-07 15:22:25.39,,,,-0.3,0.3,flegrei,earthquake,Bollettino
52656,2026-05-07 18:04:15.72,40.834833,14.117,1.91,0.1,0.3,flegrei,earthquake,Bollettino
52660,2026-05-07 19:21:37.799,,,,-0.1,0.3,flegrei,earthquake,Bollettino
52661,2026-05-07 20:51:45.529,,,,,,flegrei,earthquake,Bollettino
52662,2026-05-07 21:22:03.19,,,,,,flegrei,earthquake,Bollettino
52663,2026-05-08 17:14:05.21,40.841167,14.125333,0.91,0.4,0.3,flegrei,earthquake,Bollettino
52666,2026-05-08 20:40:38.14,40.811,14.1515,2.5,0.1,0.3,flegrei,earthquake,Bollettino
52668,2026-05-08 22:39:51.2,40.8335,14.131833,1.8,-0.1,0.3,flegrei,earthquake,Bollettino
52670,2026-05-08 22:40:40.63,40.833667,14.135333,1.94,0.2,0.3,flegrei,earthquake,Bollettino
52671,2026-05-08 22:55:09.609,40.8335,14.126667,2.77,0.4,0.3,flegrei,earthquake,Bollettino
52672,2026-05-08 22:55:18.68,40.835,14.134333,1.84,0.4,0.3,flegrei,earthquake,Bollettino
52716,2026-05-08 22:55:31,40.834833,14.134833,1.96,0.1,0.3,flegrei,earthquake,Bollettino
52675,2026-05-09 01:15:13.9,40.822167,14.158333,2.86,0.2,0.3,flegrei,earthquake,Bollettino
52676,2026-05-09 01:32:10.45,40.8095,14.115333,2.86,0.2,0.3,flegrei,earthquake,Bollettino
52680,2026-05-09 04:38:27.289,40.826833,14.151667,2.19,0.6,0.3,flegrei,earthquake,Bollettino
52681,2026-05-09 07:27:11.19,40.817167,14.1175,3.2,0.7,0.3,flegrei,earthquake,Bollettino
52683,2026-05-09 09:32:41.4,40.826667,14.1405,1.06,0.2,0.3,flegrei,earthquake,Bollettino
52684,2026-05-09 13:36:49.89,40.8095,14.1545,2.39,0.5,0.3,flegrei,earthquake,Bollettino
52685,2026-05-09 13:37:01.339,40.813667,14.098333,2.82,1.1,0.3,flegrei,earthquake,Bollettino
52691,2026-05-09 18:37:28.319,40.8025,14.123667,4.15,1.4,0.3,flegrei,earthquake,Bollettino
52690,2026-05-09 18:51:46.269,,,,-0.5,0.3,flegrei,earthquake,Bollettino
52692,2026-05-09 18:56:52.009,40.8065,14.127,4.2,0.9,0.3,flegrei,earthquake,Bollettino
52693,2026-05-09 19:20:22.17,40.827333,14.137667,1.77,1.1,0.3,flegrei,earthquake,Bollettino
52694,2026-05-09 19:23:31.039,,,,-0.5,0.3,flegrei,earthquake,Bollettino
52696,2026-05-09 19:50:13.119,40.831333,14.141167,1.22,0.7,0.3,flegrei,earthquake,Bollettino
52695,2026-05-09 19:54:40.69,40.832833,14.142167,1.21,0.8,0.3,flegrei,earthquake,Bollettino
52697,2026-05-09 21:50:17.359,40.833333,14.144,1.35,0.7,0.3,flegrei,earthquake,Bollettino
52700,2026-05-10 01:18:18.38,40.823833,14.146833,1.05,-0.1,0.3,flegrei,earthquake,Bollettino
52725,2026-05-10 01:55:10.339,,,,,,flegrei,earthquake,Bollettino
52703,2026-05-10 01:57:51.21,40.837833,14.121667,2.53,0.2,0.3,flegrei,earthquake,Bollettino
52705,2026-05-10 02:36:51.759,,,,-0.3,0.3,flegrei,earthquake,Bollettino
52729,2026-05-10 02:43:14.93,,,,-0.5,0.3,flegrei,earthquake,Bollettino
52706,2026-05-10 02:50:46.279,40.817333,14.157167,2.92,-0.5,0.3,flegrei,earthquake,Bollettino
52707,2026-05-10 03:00:05.299,,,,,,flegrei,earthquake,Bollettino
52732,2026-05-10 03:57:09.839,,,,-0.5,0.3,flegrei,earthquake,Bollettino
52708,2026-05-10 06:21:40.47,40.823833,14.145833,0.76,0.2,0.3,flegrei,earthquake,Bollettino
52726,2026-05-10 06:21:46,,,,-0.5,0.3,flegrei,earthquake,Bollettino
52727,2026-05-10 06:21:54.339,,,,-0.5,0.3,flegrei,earthquake,Bollettino
52728,2026-05-10 06:21:58.44,,,,-0.3,0.3,flegrei,earthquake,Bollettino
52730,2026-05-10 06:22:50.009,,,,-0.1,0.3,flegrei,earthquake,Bollettino
52711,2026-05-10 06:23:56.319,40.825167,14.143833,0.68,0.1,0.3,flegrei,earthquake,Bollettino
52709,2026-05-10 06:24:21.65,40.824833,14.144167,0.53,0.1,0.3,flegrei,earthquake,Bollettino
52731,2026-05-10 06:24:47.809,,,,-0.5,0.3,flegrei,earthquake,Bollettino
52710,2026-05-10 06:26:26.039,40.823833,14.143333,0.62,0.5,0.3,flegrei,earthquake,Bollettino
52712,2026-05-10 07:47:54.5,40.825,14.147667,1.01,0.1,0.3,flegrei,earthquake,Bollettino
52733,2026-05-10 09:51:40.769,,,,-0.3,0.3,flegrei,earthquake,Bollettino
52714,2026-05-10 20:24:19.45,40.829667,14.147167,2.51,0.2,0.3,flegrei,earthquake,Bollettino
52734,2026-05-10 21:59:09.4,40.825,14.1425,1.13,0.1,0.3,flegrei,earthquake,Bollettino
52718,2026-05-11 14:07:27.99,,,,-0.3,0.3,flegrei,earthquake,Bollettino
52719,2026-05-11 18:59:32.93,40.822833,14.126667,2,1.3,0.3,flegrei,earthquake,Bollettino
52722,2026-05-12 00:11:19.96,40.815833,14.142667,1.37,0.5,0.3,flegrei,earthquake,Bollettino
52735,2026-05-12 13:14:39.4,40.844833,14.116,1.84,0.2,0.3,flegrei,earthquake,Bollettino
52736,2026-05-12 13:18:19.5,40.846167,14.1195,1.61,0.2,0.3,flegrei,earthquake,Bollettino
52737,2026-05-12 14:06:11.2,40.839,14.111833,2.72,2.6,0.3,flegrei,earthquake,Bollettino
52738,2026-05-12 14:07:19.799,40.837667,14.112167,2.98,0.6,0.3,flegrei,earthquake,Bollettino
52741,2026-05-12 18:12:29.69,40.804333,14.138833,3.48,0.6,0.3,flegrei,earthquake,Bollettino
52757,2026-05-13 21:05:57.049,40.827333,14.140167,1.39,-0.1,0.3,flegrei,earthquake,Bollettino
52751,2026-05-13 21:06:08.259,40.830333,14.140167,1.13,0.2,0.3,flegrei,earthquake,Bollettino
52752,2026-05-13 21:06:34.14,40.830833,14.139333,1.06,0.2,0.3,flegrei,earthquake,Bollettino
52753,2026-05-13 21:14:39.789,40.833,14.1415,0.92,0.1,0.3,flegrei,earthquake,Bollettino
52758,2026-05-13 21:43:06.609,,,,-0.5,0.3,flegrei,earthquake,Bollettino
52754,2026-05-13 21:57:06.259,40.829833,14.140167,1.25,0.1,0.3,flegrei,earthquake,Bollettino
52759,2026-05-14 16:38:04.569,40.835667,14.127333,2.22,1,0.3,flegrei,earthquake,Bollettino
52760,2026-05-14 23:39:12.44,40.8085,14.135167,3.83,0.4,0.3,flegrei,earthquake,Bollettino
52761,2026-05-15 04:00:37.73,40.822,14.133167,2.34,0.2,0.3,flegrei,earthquake,Bollettino
52762,2026-05-15 05:30:52.059,40.836167,14.118667,1.71,1,0.3,flegrei,earthquake,Bollettino
52763,2026-05-15 07:26:02.799,40.803667,14.1045,3.75,0.9,0.3,flegrei,earthquake,Bollettino
52765,2026-05-15 07:43:50.72,40.804,14.098833,4.21,0.9,0.3,flegrei,earthquake,Bollettino
52767,2026-05-15 11:35:08.73,40.812333,14.152,2.54,0.2,0.3,flegrei,earthquake,Bollettino
52798,2026-05-15 15:05:32.49,40.827667,14.128333,1.8,0.4,0.3,flegrei,earthquake,Bollettino
52768,2026-05-15 15:18:23.809,40.834833,14.147667,1.37,0.1,0.3,flegrei,earthquake,Bollettino
52769,2026-05-15 15:39:55.259,,,,-0.3,0.3,flegrei,earthquake,Bollettino
52771,2026-05-16 01:01:09.809,40.833667,14.129333,2.27,,,flegrei,earthquake,Bollettino
52772,2026-05-16 01:04:24.609,40.8355,14.127,2.22,-0.1,0.3,flegrei,earthquake,Bollettino
52773,2026-05-16 01:15:41.029,40.833333,14.13,2.67,0.7,0.3,flegrei,earthquake,Bollettino
52774,2026-05-16 01:58:41.15,40.8035,14.119,4.34,1,0.3,flegrei,earthquake,Bollettino
52775,2026-05-16 02:50:40.91,40.800667,14.114833,4.33,0.7,0.3,flegrei,earthquake,Bollettino
52799,2026-05-16 07:22:47.019,40.8335,14.137333,1.9,-0.1,0.3,flegrei,earthquake,Bollettino
52777,2026-05-16 19:32:41.819,,,,-0.1,0.3,flegrei,earthquake,Bollettino
52800,2026-05-16 23:03:44.75,,,,-0.1,0.3,flegrei,earthquake,Bollettino
52778,2026-05-17 01:31:33.13,,,,-0.3,0.3,flegrei,earthquake,Bollettino
52801,2026-05-17 15:42:07.329,,,,,,flegrei,earthquake,Bollettino
52779,2026-05-17 15:42:25.119,40.824667,14.154167,1.57,0.1,0.3,flegrei,earthquake,Bollettino
52802,2026-05-17 15:42:35.339,,,,-0.3,0.3,flegrei,earthquake,Bollettino
52780,2026-05-17 16:06:11.93,40.8185,14.144667,2.31,-0.1,0.3,flegrei,earthquake,Bollettino
52803,2026-05-17 16:08:51.599,40.817,14.144167,2.3,0.1,0.3,flegrei,earthquake,Bollettino
52782,2026-05-17 16:46:57.299,40.824667,14.151667,1.62,-0.1,0.3,flegrei,earthquake,Bollettino
52783,2026-05-17 21:16:59.569,,,,-0.3,0.3,flegrei,earthquake,Bollettino
52804,2026-05-17 22:48:35.319,,,,,,flegrei,earthquake,Bollettino
52805,2026-05-17 22:48:45.289,,,,-0.3,0.3,flegrei,earthquake,Bollettino
52784,2026-05-17 22:49:22.45,,,,-0.5,0.3,flegrei,earthquake,Bollettino
52806,2026-05-17 22:50:15.38,40.8315,14.136333,2.54,0.1,0.3,flegrei,earthquake,Bollettino
52807,2026-05-17 22:51:07.259,,,,-0.3,0.3,flegrei,earthquake,Bollettino
52785,2026-05-17 22:51:16.91,,,,-0.3,0.3,flegrei,earthquake,Bollettino
52786,2026-05-17 22:53:10.259,,,,,,flegrei,earthquake,Bollettino
52787,2026-05-17 22:53:39.569,,,,,,flegrei,earthquake,Bollettino
52788,2026-05-17 22:54:17.359,40.830833,14.1435,2.19,0.2,0.3,flegrei,earthquake,Bollettino
52816,2026-05-17 22:54:38.259,,,,,,flegrei,earthquake,Bollettino
52817,2026-05-17 22:55:01.769,,,,,,flegrei,earthquake,Bollettino
52794,2026-05-17 22:55:07.7,40.822833,14.146833,2.31,0.2,0.3,flegrei,earthquake,Bollettino
52818,2026-05-17 22:55:46.42,,,,,,flegrei,earthquake,Bollettino
52789,2026-05-17 22:56:24.93,,,,,,flegrei,earthquake,Bollettino
52790,2026-05-17 22:57:34.589,40.8305,14.137,2.11,2.3,0.3,flegrei,earthquake,Bollettino
52795,2026-05-17 23:00:23.769,40.831333,14.142833,2.65,0.2,0.3,flegrei,earthquake,Bollettino
52792,2026-05-17 23:01:45.079,40.8315,14.140167,1.91,0.2,0.3,flegrei,earthquake,Bollettino
52793,2026-05-17 23:02:58.619,,,,,,flegrei,earthquake,Bollettino
52796,2026-05-17 23:58:07.029,40.834833,14.1245,2.82,1.6,0.3,flegrei,earthquake,Bollettino
52797,2026-05-18 00:02:59.609,,,,,,flegrei,earthquake,Bollettino
52820,2026-05-18 01:07:47.009,40.8315,14.1395,2.15,-0.1,0.3,flegrei,earthquake,Bollettino
52808,2026-05-18 18:00:14.529,,,,,,flegrei,earthquake,Bollettino
52809,2026-05-18 18:00:39.25,40.825333,14.143333,0.78,0.1,0.3,flegrei,earthquake,Bollettino
52810,2026-05-18 18:01:15.779,40.825,14.141,0.84,0.4,0.3,flegrei,earthquake,Bollettino
52811,2026-05-18 18:01:33.95,,,,,,flegrei,earthquake,Bollettino
52812,2026-05-18 18:03:05.869,40.8245,14.142333,0.87,0.5,0.3,flegrei,earthquake,Bollettino
52813,2026-05-18 18:04:21.779,40.825667,14.141167,0.8,-0.1,0.3,flegrei,earthquake,Bollettino
52814,2026-05-19 05:58:03.67,40.827167,14.140167,0.99,1,0.3,flegrei,earthquake,Bollettino
52815,2026-05-19 06:01:14,40.826167,14.141333,1.01,0.2,0.3,flegrei,earthquake,Bollettino
52819,2026-05-20 02:56:40.16,40.827167,14.118333,1.76,0.1,0.3,flegrei,earthquake,Bollettino
52821,2026-05-20 08:16:27.839,40.826,14.120333,1.8,0.5,0.3,flegrei,earthquake,Bollettino
52858,2026-05-20 17:33:02.66,,,,-0.5,0.3,flegrei,earthquake,Bollettino
52823,2026-05-20 17:33:15.279,40.826,14.143,1.2,-0.1,0.3,flegrei,earthquake,Bollettino
52859,2026-05-20 18:36:26.91,,,,,,flegrei,earthquake,Bollettino
52824,2026-05-20 18:36:28.89,40.833167,14.141667,1.94,0.4,0.3,flegrei,earthquake,Bollettino
52827,2026-05-21 00:17:55.569,40.806167,14.1155,3.68,1.4,0.3,flegrei,earthquake,Bollettino
52828,2026-05-21 01:46:13.64,,,,-0.5,0.3,flegrei,earthquake,Bollettino
52829,2026-05-21 02:51:08.009,40.825167,14.142333,0.98,0.2,0.3,flegrei,earthquake,Bollettino
52831,2026-05-21 02:51:17.349,40.825667,14.1425,0.89,0.4,0.3,flegrei,earthquake,Bollettino
52832,2026-05-21 02:51:22.21,40.825,14.140333,0.86,0.1,0.3,flegrei,earthquake,Bollettino
52830,2026-05-21 02:51:30.7,40.825333,14.142167,0.96,0.2,0.3,flegrei,earthquake,Bollettino
52833,2026-05-21 03:46:20.819,40.799,14.112167,2.89,0.1,0.3,flegrei,earthquake,Bollettino
52834,2026-05-21 03:50:52.089,40.807667,14.1105,3.33,4.4,0.3,flegrei,earthquake,Bollettino
52835,2026-05-21 03:53:46.42,40.813333,14.108333,2.95,1.3,0.3,flegrei,earthquake,Bollettino
52836,2026-05-21 03:57:37.17,40.804,14.103167,4.18,2.1,0.3,flegrei,earthquake,Bollettino
52837,2026-05-21 03:59:44.48,40.803167,14.107,3.71,0.9,0.3,flegrei,earthquake,Bollettino
52838,2026-05-21 04:01:24.349,,,,,,flegrei,earthquake,Bollettino
52839,2026-05-21 04:01:54.95,40.814,14.089167,3.32,0.7,0.3,flegrei,earthquake,Bollettino
52840,2026-05-21 04:06:42.13,40.818,14.092333,3.14,0.5,0.3,flegrei,earthquake,Bollettino
52841,2026-05-21 04:14:30.859,,,,,,flegrei,earthquake,Bollettino
52842,2026-05-21 04:15:28.789,40.8025,14.105833,2.98,0.6,0.3,flegrei,earthquake,Bollettino
52843,2026-05-21 04:20:30.029,,,,,,flegrei,earthquake,Bollettino
52844,2026-05-21 04:22:43.569,40.808833,14.111833,3.52,0.6,0.3,flegrei,earthquake,Bollettino
52845,2026-05-21 04:28:17.309,40.806167,14.102167,3.66,0.4,0.3,flegrei,earthquake,Bollettino
52846,2026-05-21 04:57:43.359,,,,,,flegrei,earthquake,Bollettino
52847,2026-05-21 04:58:29.019,,,,,,flegrei,earthquake,Bollettino
52848,2026-05-21 04:59:11.65,,,,,,flegrei,earthquake,Bollettino
52849,2026-05-21 05:00:13.9,,,,,,flegrei,earthquake,Bollettino
52850,2026-05-21 05:20:53.319,,,,,,flegrei,earthquake,Bollettino
52851,2026-05-21 06:44:44.19,40.8085,14.100833,4.05,0.9,0.3,flegrei,earthquake,Bollettino
52852,2026-05-21 06:46:54.549,40.807167,14.105167,3.42,0.7,0.3,flegrei,earthquake,Bollettino
52853,2026-05-21 07:55:53.259,40.804667,14.105333,3.4,0.5,0.3,flegrei,earthquake,Bollettino
52854,2026-05-21 08:08:34.259,40.798667,14.113167,3.76,0.5,0.3,flegrei,earthquake,Bollettino
52855,2026-05-21 09:00:41.019,40.8315,14.137333,1.57,0.2,0.3,flegrei,earthquake,Bollettino
52856,2026-05-21 12:29:48.64,,,,-0.1,0.3,flegrei,earthquake,Bollettino
52860,2026-05-21 15:15:38.66,40.798667,14.101833,3.48,0.6,0.3,flegrei,earthquake,Bollettino
52861,2026-05-22 00:35:36.819,,,,,,flegrei,earthquake,Bollettino
52862,2026-05-22 01:37:10.69,,,,,,flegrei,earthquake,Bollettino
52863,2026-05-22 02:14:49.799,,,,,,flegrei,earthquake,Bollettino
52865,2026-05-22 04:18:22.43,40.799833,14.109833,2.98,0.1,0.3,flegrei,earthquake,Bollettino
52868,2026-05-22 08:36:40.91,40.839333,14.118167,3.38,0.4,0.3,flegrei,earthquake,Bollettino
52869,2026-05-22 12:12:57.069,,,,-0.1,0.3,flegrei,earthquake,Bollettino
52866,2026-05-22 12:13:07.829,40.842,14.1355,1.61,0.7,0.3,flegrei,earthquake,Bollettino
52867,2026-05-22 12:14:19.089,40.841333,14.136333,1.44,0.6,0.3,flegrei,earthquake,Bollettino
52870,2026-05-22 15:09:30.039,40.8355,14.128833,1.64,0.6,0.3,flegrei,earthquake,Bollettino
52872,2026-05-22 21:04:04.44,40.818167,14.117167,2.93,0.4,0.3,flegrei,earthquake,Bollettino
52873,2026-05-22 22:55:36.619,40.820833,14.086833,3.21,2,0.3,flegrei,earthquake,Bollettino
52874,2026-05-23 00:54:27.859,40.823667,14.076167,2.85,0.8,0.3,flegrei,earthquake,Bollettino
52876,2026-05-23 01:49:26.88,40.811333,14.1015,2.94,0.5,0.3,flegrei,earthquake,Bollettino
52878,2026-05-23 04:06:17.579,40.821,14.089333,2.97,,,flegrei,earthquake,Bollettino
52877,2026-05-23 04:06:17.579,40.821,14.089333,2.97,0.7,0.3,flegrei,earthquake,Bollettino
52879,2026-05-23 05:00:53.579,40.8255,14.0845,3.14,0.2,0.3,flegrei,earthquake,Bollettino
52880,2026-05-23 09:51:13.849,40.827667,14.1425,2.97,0.4,0.3,flegrei,earthquake,Bollettino
52881,2026-05-23 13:18:27.809,40.823167,14.087833,2.78,0.6,0.3,flegrei,earthquake,Bollettino
52909,2026-05-23 21:29:10.819,,,,-0.3,0.3,flegrei,earthquake,Bollettino
52882,2026-05-23 21:35:11.839,40.833,14.1415,2.16,0.8,0.3,flegrei,earthquake,Bollettino
52883,2026-05-23 21:35:20.859,40.8345,14.144833,2.14,0.7,0.3,flegrei,earthquake,Bollettino
52884,2026-05-23 21:35:26.329,40.8335,14.143667,2.19,1.5,0.3,flegrei,earthquake,Bollettino
52885,2026-05-23 23:03:21.119,40.827,14.136667,1.5,-0.1,0.3,flegrei,earthquake,Bollettino
52886,2026-05-24 01:28:51.48,40.8095,14.106667,2.86,0.1,0.3,flegrei,earthquake,Bollettino
52887,2026-05-24 01:30:33.369,40.813,14.108833,2.78,-0.3,0.3,flegrei,earthquake,Bollettino
52908,2026-05-24 02:27:59.089,,,,-0.8,0.3,flegrei,earthquake,Bollettino
52888,2026-05-24 02:57:44.789,,,,,,flegrei,earthquake,Bollettino
52889,2026-05-24 03:23:25.18,,,,,,flegrei,earthquake,Bollettino
52890,2026-05-24 03:32:19.309,,,,,,flegrei,earthquake,Bollettino
52892,2026-05-24 14:08:31.21,40.8355,14.129333,1.66,1.3,0.3,flegrei,earthquake,Bollettino
52910,2026-05-24 20:19:24.45,,,,-0.1,0.3,flegrei,earthquake,Bollettino
52893,2026-05-24 20:59:21.779,,,,,,flegrei,earthquake,Bollettino
52894,2026-05-24 21:04:59.279,40.8455,14.129833,1.66,0.5,0.3,flegrei,earthquake,Bollettino
52898,2026-05-24 23:49:00.809,40.817,14.132,0.93,0.4,0.3,flegrei,earthquake,Bollettino
52899,2026-05-25 00:00:44.069,40.824833,14.149333,1.14,0.6,0.3,flegrei,earthquake,Bollettino
52901,2026-05-25 00:37:33.7,40.8015,14.137167,3.78,0.5,0.3,flegrei,earthquake,Bollettino
52902,2026-05-25 01:14:59.049,40.8245,14.143833,1.35,0.2,0.3,flegrei,earthquake,Bollettino
52906,2026-05-25 04:49:29.25,40.827833,14.142833,1.85,0.5,0.3,flegrei,earthquake,Bollettino
52931,2026-05-25 04:49:44.74,40.828667,14.143833,2.24,0.5,0.3,flegrei,earthquake,Bollettino
52905,2026-05-25 04:50:19.299,40.83,14.140167,2.35,0.9,0.3,flegrei,earthquake,Bollettino
52911,2026-05-25 18:13:55.17,40.815333,14.110167,2.78,1.7,0.3,flegrei,earthquake,Bollettino
52914,2026-05-25 23:29:22.819,40.831333,14.143833,1.75,0.1,0.3,flegrei,earthquake,Bollettino
52918,2026-05-26 04:25:20.72,40.8235,14.151667,2.59,0.2,0.3,flegrei,earthquake,Bollettino
52922,2026-05-27 01:09:12.41,40.843167,14.1365,1.86,1.3,0.3,flegrei,earthquake,Bollettino
52926,2026-05-27 01:09:29.23,40.842,14.135167,1.56,1.1,0.3,flegrei,earthquake,Bollettino
52923,2026-05-27 01:13:00.45,40.841167,14.136667,1.89,1.7,0.3,flegrei,earthquake,Bollettino
52930,2026-05-27 03:31:14.509,40.8395,14.128667,1.54,0.2,0.3,flegrei,earthquake,Bollettino
52932,2026-05-27 03:51:51.009,,,,-0.1,0.3,flegrei,earthquake,Bollettino
52933,2026-05-27 03:52:26.759,,,,-0.1,0.3,flegrei,earthquake,Bollettino
52934,2026-05-27 22:20:40.579,40.837167,14.134,1.79,0.7,0.3,flegrei,earthquake,Bollettino
52936,2026-05-27 23:30:48.539,40.8165,14.151833,2.28,-0.1,0.3,flegrei,earthquake,Bollettino
52953,2026-05-28 17:10:38.609,40.815333,14.1415,1.21,0.1,0.3,flegrei,earthquake,Bollettino
52943,2026-05-28 18:26:00.029,40.817333,14.086833,3.39,1.3,0.3,flegrei,earthquake,Bollettino
52944,2026-05-28 19:38:31.619,40.842667,14.1245,1.43,0.4,0.3,flegrei,earthquake,Bollettino
52945,2026-05-28 20:10:07.21,40.837,14.1195,1.93,0.4,0.3,flegrei,earthquake,Bollettino
52947,2026-05-29 02:49:19.74,40.825667,14.147667,1.3,-0.3,0.3,flegrei,earthquake,Bollettino
52948,2026-05-29 02:59:47.41,40.825167,14.149667,1.12,,,flegrei,earthquake,Bollettino
52949,2026-05-29 03:10:14.259,,,,,,flegrei,earthquake,Bollettino
52994,2026-05-29 03:10:25.339,40.824833,14.144667,0.97,-0.5,0.3,flegrei,earthquake,Bollettino
52950,2026-05-29 05:11:04.38,40.831333,14.0935,2.11,0.6,0.3,flegrei,earthquake,Bollettino
52952,2026-05-29 10:10:16.39,40.7605,14.106833,2.76,0.8,0.3,flegrei,earthquake,Bollettino
52956,2026-05-29 12:13:38.69,40.826,14.1535,2.98,0.4,0.3,flegrei,earthquake,Bollettino
52958,2026-05-29 14:01:06.66,40.823167,14.149,1.9,-0.1,0.3,flegrei,earthquake,Bollettino
52959,2026-05-30 00:49:49.49,40.811333,14.102333,2.42,0.8,0.3,flegrei,earthquake,Bollettino
52995,2026-05-30 02:07:34.69,,,,-0.5,0.3,flegrei,earthquake,Bollettino
52960,2026-05-30 03:52:19.789,,,,-0.8,0.3,flegrei,earthquake,Bollettino
52961,2026-05-30 03:52:26.65,40.820333,14.134333,2.67,0.7,0.3,flegrei,earthquake,Bollettino
52967,2026-05-31 02:42:32.309,40.841333,14.126667,2.65,0.2,0.3,flegrei,earthquake,Bollettino
52968,2026-05-31 03:11:12.109,,,,-0.1,0.3,flegrei,earthquake,Bollettino
52970,2026-05-31 09:14:24.88,40.829167,14.143333,1.29,-0.1,0.3,flegrei,earthquake,Bollettino
52971,2026-05-31 10:52:56.809,40.831,14.150667,2.41,-0.3,0.3,flegrei,earthquake,Bollettino
52972,2026-05-31 13:09:05.93,,,,-0.5,0.3,flegrei,earthquake,Bollettino
52996,2026-05-31 14:52:33.869,40.826,14.154667,0.95,-0.5,0.3,flegrei,earthquake,Bollettino
52973,2026-05-31 14:53:59.14,,,,-0.8,0.3,flegrei,earthquake,Bollettino
52974,2026-05-31 14:54:49.559,40.815667,14.1045,3.96,0.9,0.3,flegrei,earthquake,Bollettino
52975,2026-05-31 16:47:59.589,40.828833,14.1335,1.86,1.9,0.3,flegrei,earthquake,Bollettino
52976,2026-05-31 18:01:49.579,40.824667,14.149,0.99,0.4,0.3,flegrei,earthquake,Bollettino
52983,2026-05-31 18:02:01.509,40.823833,14.149667,0.94,0.7,0.3,flegrei,earthquake,Bollettino
52998,2026-05-31 18:06:10.44,,,,-0.8,0.3,flegrei,earthquake,Bollettino
52999,2026-05-31 18:06:25.68,40.824667,14.155333,1.36,-0.3,0.3,flegrei,earthquake,Bollettino
52977,2026-05-31 18:06:42.529,40.823667,14.147167,0.95,0.5,0.3,flegrei,earthquake,Bollettino
52979,2026-05-31 18:07:03.099,40.825333,14.150667,1.2,,,flegrei,earthquake,Bollettino
52987,2026-05-31 18:07:08.96,40.824667,14.144667,1.28,0.6,0.3,flegrei,earthquake,Bollettino
52980,2026-05-31 18:10:48.609,40.824667,14.151667,1.06,0.9,0.3,flegrei,earthquake,Bollettino
53001,2026-05-31 18:14:15.5,,,,-0.5,0.3,flegrei,earthquake,Bollettino
53002,2026-05-31 18:14:34.91,,,,-0.5,0.3,flegrei,earthquake,Bollettino
53003,2026-05-31 18:16:15.099,,,,,,flegrei,earthquake,Bollettino
53004,2026-05-31 18:17:07.23,40.825833,14.146333,1.3,-0.1,0.3,flegrei,earthquake,Bollettino
53005,2026-05-31 18:17:48.109,,,,-0.5,0.3,flegrei,earthquake,Bollettino
53006,2026-05-31 18:18:05.009,,,,,,flegrei,earthquake,Bollettino
52981,2026-05-31 18:20:14.89,40.824,14.152833,0.88,0.7,0.3,flegrei,earthquake,Bollettino
53007,2026-05-31 18:20:45.329,,,,-0.3,0.3,flegrei,earthquake,Bollettino
53008,2026-05-31 18:24:05.18,,,,-0.3,0.3,flegrei,earthquake,Bollettino
52988,2026-05-31 18:26:34.66,40.825,14.149,0.96,0.5,0.3,flegrei,earthquake,Bollettino
52984,2026-05-31 18:30:38.13,40.8255,14.149,1.02,0.1,0.3,flegrei,earthquake,Bollettino
52985,2026-05-31 18:42:54.859,40.825333,14.149667,0.97,0.5,0.3,flegrei,earthquake,Bollettino
52986,2026-05-31 18:43:14.39,40.825167,14.149,1.03,0.4,0.3,flegrei,earthquake,Bollettino
52989,2026-05-31 20:53:46.92,,,,-0.5,0.3,flegrei,earthquake,Bollettino
52990,2026-05-31 23:30:53.98,40.829,14.133833,1.05,0.1,0.3,flegrei,earthquake,Bollettino
53009,2026-06-01 01:22:56.96,,,,,,flegrei,earthquake,Bollettino
53010,2026-06-01 01:33:55.69,,,,,,flegrei,earthquake,Bollettino
52991,2026-06-01 01:54:50.9,40.825,14.149833,0.99,0.9,0.3,flegrei,earthquake,Bollettino
52992,2026-06-01 04:07:58.21,,,,-0.1,0.3,flegrei,earthquake,Bollettino
52993,2026-06-01 05:40:06.789,,,,-0.3,0.3,flegrei,earthquake,Bollettino
52997,2026-06-01 10:55:13.94,40.828333,14.092,2.56,,,flegrei,earthquake,Bollettino
53000,2026-06-01 12:10:17.539,40.811667,14.129833,4.21,0.8,0.3,flegrei,earthquake,Bollettino
53075,2026-06-01 13:44:12.72,40.824667,14.1475,0.83,0.1,0.3,flegrei,earthquake,Bollettino
53012,2026-06-01 15:52:46.68,40.825667,14.149833,1.28,0.1,0.3,flegrei,earthquake,Bollettino
53013,2026-06-01 16:21:01.759,40.824,14.153167,1.5,0.6,0.3,flegrei,earthquake,Bollettino
53076,2026-06-01 16:55:02.15,,,,-0.1,0.3,flegrei,earthquake,Bollettino
53077,2026-06-01 17:34:02.079,,,,-0.1,0.3,flegrei,earthquake,Bollettino
53014,2026-06-01 17:47:34.88,40.820333,14.149,1.15,0.5,0.3,flegrei,earthquake,Bollettino
53015,2026-06-01 17:49:47.13,40.819833,14.146,0.6,0.6,0.3,flegrei,earthquake,Bollettino
53078,2026-06-01 18:19:04.849,,,,-0.1,0.3,flegrei,earthquake,Bollettino
53080,2026-06-01 18:20:34.079,,,,-0.1,0.3,flegrei,earthquake,Bollettino
53017,2026-06-01 18:48:25.15,40.8205,14.146167,0.44,0.2,0.3,flegrei,earthquake,Bollettino
53082,2026-06-01 18:54:00.95,40.822833,14.140833,1.26,-0.1,0.3,flegrei,earthquake,Bollettino
53016,2026-06-01 18:59:01.009,40.821,14.1445,0.86,0.2,0.3,flegrei,earthquake,Bollettino
53083,2026-06-01 19:12:57.099,,,,-0.3,0.3,flegrei,earthquake,Bollettino
53018,2026-06-01 19:13:22.73,,,,-0.3,0.3,flegrei,earthquake,Bollettino
53019,2026-06-01 19:14:42.68,40.828167,14.151667,2.13,0.6,0.3,flegrei,earthquake,Bollettino
53084,2026-06-01 19:15:09.74,,,,,,flegrei,earthquake,Bollettino
53085,2026-06-01 19:15:55.91,,,,,,flegrei,earthquake,Bollettino
53020,2026-06-01 19:16:37.279,40.824667,14.147,2.36,0.1,0.3,flegrei,earthquake,Bollettino
53021,2026-06-01 19:21:03.49,40.8265,14.149,2.4,0.5,0.3,flegrei,earthquake,Bollettino
53088,2026-06-01 19:22:13.339,,,,-0.3,0.3,flegrei,earthquake,Bollettino
53022,2026-06-01 19:22:23.16,40.825833,14.142333,2.92,0.6,0.3,flegrei,earthquake,Bollettino
53023,2026-06-01 19:23:29.829,40.826667,14.146,2.24,0.7,0.3,flegrei,earthquake,Bollettino
53026,2026-06-01 19:24:03.319,40.825167,14.144333,2.21,0.2,0.3,flegrei,earthquake,Bollettino
53024,2026-06-01 19:28:00.619,40.825167,14.1485,2.53,0.1,0.3,flegrei,earthquake,Bollettino
53025,2026-06-01 19:31:59.15,40.823833,14.144,0.94,-0.1,0.3,flegrei,earthquake,Bollettino
53027,2026-06-01 20:50:50.289,40.820333,14.146833,0.68,0.8,0.3,flegrei,earthquake,Bollettino
53079,2026-06-01 20:51:16.049,,,,-0.1,0.3,flegrei,earthquake,Bollettino
53081,2026-06-01 21:00:24.289,40.823,14.145,0.99,-0.1,0.3,flegrei,earthquake,Bollettino
53028,2026-06-01 21:00:32.119,40.8235,14.142833,1.18,-0.1,0.3,flegrei,earthquake,Bollettino
53029,2026-06-01 21:16:53.819,40.819667,14.1445,0.24,0.7,0.3,flegrei,earthquake,Bollettino
53030,2026-06-01 21:27:44.049,40.819833,14.145167,0.97,0.1,0.3,flegrei,earthquake,Bollettino
53031,2026-06-01 21:55:54.779,40.820333,14.146167,0.61,0.2,0.3,flegrei,earthquake,Bollettino
53032,2026-06-01 22:00:11.63,40.820333,14.149,0.49,0.5,0.3,flegrei,earthquake,Bollettino
53033,2026-06-01 22:00:39.299,40.820333,14.147833,0.58,0.8,0.3,flegrei,earthquake,Bollettino
53034,2026-06-01 22:06:58.089,40.820333,14.1465,0.49,1.5,0.3,flegrei,earthquake,Bollettino
53036,2026-06-01 22:19:31.069,40.818333,14.145333,0.47,0.2,0.3,flegrei,earthquake,Bollettino
53037,2026-06-01 22:31:37.009,40.82,14.145167,0.51,0.9,0.3,flegrei,earthquake,Bollettino
53038,2026-06-01 22:38:03.94,40.8245,14.146667,1.09,0.1,0.3,flegrei,earthquake,Bollettino
53039,2026-06-01 23:34:40.2,40.823667,14.147667,1.19,0.6,0.3,flegrei,earthquake,Bollettino
53040,2026-06-02 00:47:50.65,40.8215,14.142833,0.51,0.5,0.3,flegrei,earthquake,Bollettino
53095,2026-06-02 01:10:12.269,40.8215,14.1435,0.29,0.2,0.3,flegrei,earthquake,Bollettino
53041,2026-06-02 01:40:15.049,,,,-0.3,0.3,flegrei,earthquake,Bollettino
53096,2026-06-02 01:41:29.67,,,,,,flegrei,earthquake,Bollettino
53042,2026-06-02 01:44:23.92,40.826,14.144,2.05,0.7,0.3,flegrei,earthquake,Bollettino
53097,2026-06-02 01:54:03.779,,,,-0.1,0.3,flegrei,earthquake,Bollettino
53043,2026-06-02 01:56:25.319,40.825,14.149,1.38,-0.1,0.3,flegrei,earthquake,Bollettino
53044,2026-06-02 02:05:46.65,40.823667,14.147667,1.34,0.6,0.3,flegrei,earthquake,Bollettino
53045,2026-06-02 02:08:47,,,,-0.3,0.3,flegrei,earthquake,Bollettino
53046,2026-06-02 02:13:47.329,40.8245,14.149833,0.95,0.2,0.3,flegrei,earthquake,Bollettino
53047,2026-06-02 02:16:07.38,40.825,14.149,1.38,0.1,0.3,flegrei,earthquake,Bollettino
53048,2026-06-02 02:55:32.329,,,,,,flegrei,earthquake,Bollettino
53049,2026-06-02 02:56:20.49,,,,-0.1,0.3,flegrei,earthquake,Bollettino
53050,2026-06-02 02:57:09.43,40.824,14.149,1.32,0.4,0.3,flegrei,earthquake,Bollettino
53051,2026-06-02 02:57:40.819,40.825333,14.151667,1.35,0.1,0.3,flegrei,earthquake,Bollettino
53058,2026-06-02 03:34:49.42,40.818333,14.1455,0.96,0.4,0.3,flegrei,earthquake,Bollettino
53098,2026-06-02 03:40:20.849,40.820333,14.144167,0.27,0.1,0.3,flegrei,earthquake,Bollettino
53053,2026-06-02 03:44:16.5,40.826,14.151667,1.06,0.1,0.3,flegrei,earthquake,Bollettino
53054,2026-06-02 03:50:09.41,,,,-0.3,0.3,flegrei,earthquake,Bollettino
53057,2026-06-02 03:59:29.589,40.819833,14.144167,0.23,0.6,0.3,flegrei,earthquake,Bollettino
53055,2026-06-02 04:01:34.759,40.822333,14.140167,0.77,0.2,0.3,flegrei,earthquake,Bollettino
53056,2026-06-02 04:10:16.24,,,,-0.1,0.3,flegrei,earthquake,Bollettino
53059,2026-06-02 05:18:46.92,40.820333,14.1455,0.42,0.4,0.3,flegrei,earthquake,Bollettino
53099,2026-06-02 06:07:43.18,,,,-0.1,0.3,flegrei,earthquake,Bollettino
53061,2026-06-02 07:31:22.299,,,,-0.1,0.3,flegrei,earthquake,Bollettino
53062,2026-06-02 08:27:17.15,40.824333,14.149,1.49,0.1,0.3,flegrei,earthquake,Bollettino
53063,2026-06-02 09:18:29.569,,,,-0.1,0.3,flegrei,earthquake,Bollettino
53064,2026-06-02 09:48:15.579,40.822833,14.138,0.91,0.2,0.3,flegrei,earthquake,Bollettino
53065,2026-06-02 13:40:27.65,,,,-0.3,0.3,flegrei,earthquake,Bollettino
53066,2026-06-02 18:01:12.349,,,,,,flegrei,earthquake,Bollettino
53067,2026-06-02 22:30:39.18,40.840667,14.117333,2.54,1.6,0.3,flegrei,earthquake,Bollettino
53068,2026-06-03 01:29:09.079,,,,-0.1,0.3,flegrei,earthquake,Bollettino
53069,2026-06-03 02:19:27.099,40.8195,14.142333,1.41,0.6,0.3,flegrei,earthquake,Bollettino
53070,2026-06-03 02:39:06.88,40.820333,14.142167,1.68,0.5,0.3,flegrei,earthquake,Bollettino
53071,2026-06-03 04:13:12.21,40.8205,14.139167,1.2,0.2,0.3,flegrei,earthquake,Bollettino
53072,2026-06-03 06:12:36.289,,,,-0.1,0.3,flegrei,earthquake,Bollettino
53073,2026-06-03 06:23:34.22,,,,-0.5,0.3,flegrei,earthquake,Bollettino
53074,2026-06-03 06:42:05.329,40.823167,14.154667,1.75,0.2,0.3,flegrei,earthquake,Bollettino
53107,2026-06-03 06:42:28.079,,,,-0.3,0.3,flegrei,earthquake,Bollettino
53086,2026-06-03 11:14:27.24,,,,-0.3,0.3,flegrei,earthquake,Bollettino
53090,2026-06-03 17:33:45.789,40.829333,14.142667,2.22,0.5,0.3,flegrei,earthquake,Bollettino
53110,2026-06-03 17:34:07.509,,,,-0.5,0.3,flegrei,earthquake,Bollettino
53091,2026-06-03 18:36:26.2,40.825833,14.140167,0.92,0.2,0.3,flegrei,earthquake,Bollettino
53111,2026-06-03 18:37:21.269,,,,-0.3,0.3,flegrei,earthquake,Bollettino
53092,2026-06-03 22:06:57.099,40.829667,14.142833,2.44,1.4,0.3,flegrei,earthquake,Bollettino
53093,2026-06-04 02:02:04.089,40.825333,14.131833,1.81,0.4,0.3,flegrei,earthquake,Bollettino
53094,2026-06-04 02:10:12.049,40.825833,14.129833,1.75,0.7,0.3,flegrei,earthquake,Bollettino
53108,2026-06-04 16:16:21.789,40.8225,14.146167,1.33,-0.1,0.3,flegrei,earthquake,Bollettino
53101,2026-06-04 17:51:40.849,,,,,,flegrei,earthquake,Bollettino
53102,2026-06-05 02:12:20.369,40.816333,14.143833,2.69,0.5,0.3,flegrei,earthquake,Bollettino
53103,2026-06-05 02:39:54.71,40.814167,14.145167,2.88,0.8,0.3,flegrei,earthquake,Bollettino
53105,2026-06-05 04:48:20.9,40.824333,14.144,2.1,0.4,0.3,flegrei,earthquake,Bollettino
53141,2026-06-05 19:02:30.309,40.838167,14.118,1.39,0.1,0.3,flegrei,earthquake,Bollettino
53142,2026-06-06 03:33:02.309,40.828833,14.152,2.2,0.1,0.3,flegrei,earthquake,Bollettino
53115,2026-06-06 10:51:57.329,,,,,,flegrei,earthquake,Bollettino
53117,2026-06-06 20:54:26.17,40.838333,14.128333,2.1,0.1,0.3,flegrei,earthquake,Bollettino
53118,2026-06-06 21:00:58.7,40.8375,14.124333,2.32,0.4,0.3,flegrei,earthquake,Bollettino
53119,2026-06-07 00:07:49.119,40.84,14.128667,2.48,0.7,0.3,flegrei,earthquake,Bollettino
53120,2026-06-07 00:07:53.799,40.836833,14.125167,1.55,1.2,0.3,flegrei,earthquake,Bollettino
53121,2026-06-07 01:25:16.71,,,,-0.3,0.3,flegrei,earthquake,Bollettino
53122,2026-06-07 03:35:12.259,,,,-0.1,0.3,flegrei,earthquake,Bollettino
53125,2026-06-07 12:33:40.4,40.826,14.139,2.31,0.9,0.3,flegrei,earthquake,Bollettino
53126,2026-06-07 12:52:24.44,,,,-0.3,0.3,flegrei,earthquake,Bollettino
53127,2026-06-07 12:52:45.059,40.823333,14.1445,1.19,0.4,0.3,flegrei,earthquake,Bollettino
53128,2026-06-07 12:57:05.16,,,,-0.3,0.3,flegrei,earthquake,Bollettino
53129,2026-06-07 12:57:15.16,40.832,14.142,2,0.4,0.3,flegrei,earthquake,Bollettino
53130,2026-06-07 14:49:02.46,40.8295,14.1475,2,0.4,0.3,flegrei,earthquake,Bollettino
53132,2026-06-07 23:39:55.039,40.842,14.126167,0.91,0.5,0.3,flegrei,earthquake,Bollettino
53133,2026-06-07 23:46:45.13,40.820333,14.159333,2.98,0.1,0.3,flegrei,earthquake,Bollettino
53134,2026-06-08 00:28:55.769,40.834167,14.140167,1.81,0.7,0.3,flegrei,earthquake,Bollettino
53135,2026-06-08 01:50:30.559,40.831333,14.146667,2.19,0.1,0.3,flegrei,earthquake,Bollettino
53137,2026-06-08 01:55:34.759,40.834,14.137667,1.77,0.2,0.3,flegrei,earthquake,Bollettino
53136,2026-06-08 02:00:52.849,40.8325,14.140167,1.95,1.3,0.3,flegrei,earthquake,Bollettino
53139,2026-06-08 02:47:34.74,,,,-0.3,0.3,flegrei,earthquake,Bollettino
53140,2026-06-08 04:35:26.519,,,,-0.1,0.3,flegrei,earthquake,Bollettino
53143,2026-06-08 21:34:27.69,40.834167,14.132167,1.81,0.5,0.3,flegrei,earthquake,Bollettino
53173,2026-06-08 21:58:42.75,,,,-0.1,0.3,flegrei,earthquake,Bollettino
53144,2026-06-08 22:10:37.279,40.823167,14.149,1.43,0.2,0.3,flegrei,earthquake,Bollettino
53175,2026-06-08 22:54:16.43,40.834167,14.134333,2,-0.1,0.3,flegrei,earthquake,Bollettino
53145,2026-06-09 00:50:20.4,,,,-0.5,0.3,flegrei,earthquake,Bollettino
53146,2026-06-09 01:59:16.799,40.831833,14.133167,1.82,0.5,0.3,flegrei,earthquake,Bollettino
53147,2026-06-09 01:59:23.49,40.834167,14.135,2.2,0.7,0.3,flegrei,earthquake,Bollettino
53158,2026-06-09 01:59:31.18,40.831333,14.135333,1.87,0.4,0.3,flegrei,earthquake,Bollettino
53148,2026-06-09 02:01:49.369,40.832833,14.134833,2,0.8,0.3,flegrei,earthquake,Bollettino
53159,2026-06-09 02:02:02.69,40.833,14.1365,2.26,0.1,0.3,flegrei,earthquake,Bollettino
53191,2026-06-09 02:02:13.619,40.833833,14.134333,2.2,0.1,0.3,flegrei,earthquake,Bollettino
53149,2026-06-09 02:04:24.619,40.835167,14.135667,2.28,0.4,0.3,flegrei,earthquake,Bollettino
53150,2026-06-09 02:05:13.299,40.833667,14.136333,2.16,-0.1,0.3,flegrei,earthquake,Bollettino
53151,2026-06-09 02:08:13.039,40.832667,14.1325,1.94,0.8,0.3,flegrei,earthquake,Bollettino
53152,2026-06-09 02:09:05.48,,,,-0.5,0.3,flegrei,earthquake,Bollettino
53153,2026-06-09 02:13:13.42,40.836167,14.136667,2.47,1.4,0.3,flegrei,earthquake,Bollettino
53161,2026-06-09 02:13:37.109,40.8355,14.134833,2.64,0.2,0.3,flegrei,earthquake,Bollettino
53154,2026-06-09 02:14:15.64,,,,-0.5,0.3,flegrei,earthquake,Bollettino
53196,2026-06-09 02:14:19.609,40.826,14.138833,2,-0.1,0.3,flegrei,earthquake,Bollettino
53162,2026-06-09 02:15:31.91,40.833667,14.135833,2.26,0.1,0.3,flegrei,earthquake,Bollettino
53197,2026-06-09 02:16:03.529,,,,-0.3,0.3,flegrei,earthquake,Bollettino
53155,2026-06-09 02:16:48.549,40.837667,14.140167,2.35,0.1,0.3,flegrei,earthquake,Bollettino
53198,2026-06-09 02:20:20.42,40.8315,14.135,1.78,0.1,0.3,flegrei,earthquake,Bollettino
53199,2026-06-09 02:20:33.819,,,,-0.1,0.3,flegrei,earthquake,Bollettino
53156,2026-06-09 02:21:49.43,40.835,14.135667,2.35,0.1,0.3,flegrei,earthquake,Bollettino
53200,2026-06-09 02:22:50.23,40.836667,14.136167,2.4,-0.1,0.3,flegrei,earthquake,Bollettino
53157,2026-06-09 02:23:13.46,40.834667,14.135167,2,0.1,0.3,flegrei,earthquake,Bollettino
53194,2026-06-09 03:04:49.769,40.835833,14.136,2.41,-0.1,0.3,flegrei,earthquake,Bollettino
53163,2026-06-09 03:08:46.48,40.834167,14.136333,2.36,0.2,0.3,flegrei,earthquake,Bollettino
53164,2026-06-09 03:19:28.759,40.835167,14.140167,2.76,0.5,0.3,flegrei,earthquake,Bollettino
53165,2026-06-09 03:20:05.22,40.834667,14.1365,2.51,0.7,0.3,flegrei,earthquake,Bollettino
53166,2026-06-09 03:21:50.93,,,,,,flegrei,earthquake,Bollettino
53167,2026-06-09 03:49:34.279,40.833333,14.132667,1.9,0.4,0.3,flegrei,earthquake,Bollettino
53168,2026-06-09 04:08:35.93,,,,-0.3,0.3,flegrei,earthquake,Bollettino
53171,2026-06-09 08:52:32.319,40.827833,14.135167,0.87,-0.1,0.3,flegrei,earthquake,Bollettino
53202,2026-06-09 08:52:52.2,,,,-0.8,0.3,flegrei,earthquake,Bollettino
53203,2026-06-09 08:53:56.18,,,,,,flegrei,earthquake,Bollettino
53204,2026-06-09 08:54:14.99,,,,-0.5,0.3,flegrei,earthquake,Bollettino
53170,2026-06-09 09:03:10.069,40.831667,14.142833,1.33,-0.1,0.3,flegrei,earthquake,Bollettino
53205,2026-06-09 09:55:36.049,40.829,14.138,1.14,0.1,0.3,flegrei,earthquake,Bollettino
53172,2026-06-09 11:10:01.069,40.835167,14.146167,2.31,0.1,0.3,flegrei,earthquake,Bollettino
53174,2026-06-09 15:57:15.859,40.834833,14.138167,1.84,-0.3,0.3,flegrei,earthquake,Bollettino
53178,2026-06-09 21:33:45.009,,,,-0.5,0.3,flegrei,earthquake,Bollettino
53180,2026-06-09 23:16:26.66,40.827,14.149,2.33,0.6,0.3,flegrei,earthquake,Bollettino
53206,2026-06-09 23:16:40.46,,,,-0.5,0.3,flegrei,earthquake,Bollettino
53183,2026-06-10 02:02:27.859,40.830167,14.1405,1.76,0.1,0.3,flegrei,earthquake,Bollettino
53184,2026-06-10 02:13:49.769,40.824,14.144167,1.53,0.1,0.3,flegrei,earthquake,Bollettino
53225,2026-06-10 02:13:55.599,40.824333,14.149,1.56,-0.1,0.3,flegrei,earthquake,Bollettino
53185,2026-06-10 02:20:13.539,40.825,14.147667,1.73,-0.1,0.3,flegrei,earthquake,Bollettino
53186,2026-06-10 05:13:18.21,,,,,,flegrei,earthquake,Bollettino
53190,2026-06-10 10:41:43.559,,,,-0.5,0.3,flegrei,earthquake,Bollettino
53192,2026-06-11 05:42:48.97,,,,-0.5,0.3,flegrei,earthquake,Bollettino
53193,2026-06-11 08:05:08.48,40.8315,14.144833,2.24,-0.1,0.3,flegrei,earthquake,Bollettino
53207,2026-06-11 15:49:23.89,,,,-0.5,0.3,flegrei,earthquake,Bollettino
53208,2026-06-11 15:53:58.88,40.815333,14.157167,2.91,1.7,0.3,flegrei,earthquake,Bollettino
53210,2026-06-11 19:24:20.47,40.8355,14.120667,2.97,0.5,0.3,flegrei,earthquake,Bollettino
53211,2026-06-11 19:26:23.73,40.837667,14.117833,1.38,0.4,0.3,flegrei,earthquake,Bollettino
53226,2026-06-11 19:36:08.839,,,,-0.5,0.3,flegrei,earthquake,Bollettino
53215,2026-06-12 13:28:27.44,40.8015,14.1315,3.72,0.7,0.3,flegrei,earthquake,Bollettino
53216,2026-06-12 13:31:52.4,40.809,14.125,3.99,0.4,0.3,flegrei,earthquake,Bollettino
53217,2026-06-12 13:46:10.259,40.805833,14.131333,3.28,0.4,0.3,flegrei,earthquake,Bollettino
53218,2026-06-12 20:39:50.69,40.824,14.130833,1.41,0.1,0.3,flegrei,earthquake,Bollettino
53219,2026-06-13 01:24:25.029,40.839,14.133333,1.84,0.2,0.3,flegrei,earthquake,Bollettino
53220,2026-06-13 03:33:23.789,40.83,14.136,1.39,0.1,0.3,flegrei,earthquake,Bollettino
53250,2026-06-13 10:50:05.839,40.824333,14.151667,1.88,-0.1,0.3,flegrei,earthquake,Bollettino
53252,2026-06-13 12:09:06.309,40.839333,14.122167,2.25,-0.1,0.3,flegrei,earthquake,Bollettino
53227,2026-06-13 16:34:59.859,,,,-0.1,0.3,flegrei,earthquake,Bollettino
53229,2026-06-13 23:43:17.289,,,,,,flegrei,earthquake,Bollettino
53230,2026-06-13 23:43:40.099,40.8385,14.118667,1.81,0.2,0.3,flegrei,earthquake,Bollettino
53233,2026-06-13 23:44:00.89,40.8405,14.119333,2.53,0.2,0.3,flegrei,earthquake,Bollettino
53234,2026-06-13 23:44:25.859,,,,,,flegrei,earthquake,Bollettino
53231,2026-06-14 00:01:06.119,40.838667,14.120833,2.04,0.4,0.3,flegrei,earthquake,Bollettino
53232,2026-06-14 00:06:48.049,,,,,,flegrei,earthquake,Bollettino
53235,2026-06-14 01:19:12.48,,,,-0.1,0.3,flegrei,earthquake,Bollettino
53249,2026-06-14 02:53:22.46,40.8155,14.143667,1.04,-0.1,0.3,flegrei,earthquake,Bollettino
53236,2026-06-14 02:58:20.759,40.816667,14.145333,1.54,0.2,0.3,flegrei,earthquake,Bollettino
53237,2026-06-14 03:53:25.029,,,,,,flegrei,earthquake,Bollettino
53238,2026-06-14 04:10:44.43,,,,0.4,0.3,flegrei,earthquake,Bollettino
53240,2026-06-14 10:50:48.829,40.8385,14.123667,1.52,0.6,0.3,flegrei,earthquake,Bollettino
53239,2026-06-14 10:51:16.9,40.833167,14.1285,1.95,0.1,0.3,flegrei,earthquake,Bollettino
53241,2026-06-14 11:39:42.369,40.827833,14.145,1.99,-0.1,0.3,flegrei,earthquake,Bollettino
53242,2026-06-14 15:11:50.16,40.825833,14.149,1.26,0.1,0.3,flegrei,earthquake,Bollettino
53245,2026-06-14 22:32:22.059,40.838167,14.118667,2.82,0.5,0.3,flegrei,earthquake,Bollettino
53246,2026-06-15 00:48:04.609,40.822833,14.120333,2,0.1,0.3,flegrei,earthquake,Bollettino
53247,2026-06-15 01:29:07.559,40.813167,14.142833,1.27,-0.1,0.3,flegrei,earthquake,Bollettino
53263,2026-06-15 14:47:22.43,40.822833,14.124167,1.8,0.4,0.3,flegrei,earthquake,Bollettino
53264,2026-06-15 18:40:24.25,,,,-0.3,0.3,flegrei,earthquake,Bollettino
53265,2026-06-16 00:01:19.9,,,,,,flegrei,earthquake,Bollettino
53266,2026-06-16 01:50:47.69,,,,-0.5,0.3,flegrei,earthquake,Bollettino
53260,2026-06-16 02:36:23.599,40.814833,14.111,2.24,0.5,0.3,flegrei,earthquake,Bollettino
53261,2026-06-16 04:55:45.509,40.828167,14.140167,0.95,0.1,0.3,flegrei,earthquake,Bollettino
53262,2026-06-16 05:20:49.759,40.801833,14.135667,3.61,1.3,0.3,flegrei,earthquake,Bollettino
53267,2026-06-16 06:37:52.849,40.828333,14.140167,1.06,-0.1,0.3,flegrei,earthquake,Bollettino
53268,2026-06-16 13:31:12.18,40.826,14.1605,1.71,0.2,0.3,flegrei,earthquake,Bollettino
53269,2026-06-16 16:55:59.71,40.804333,14.11,2.79,0.7,0.3,flegrei,earthquake,Bollettino
53270,2026-06-16 23:32:18.4,,,,-0.3,0.3,flegrei,earthquake,Bollettino
53271,2026-06-17 04:57:42.65,,,,,,flegrei,earthquake,Bollettino
53272,2026-06-17 05:01:03.369,,,,-0.1,0.3,flegrei,earthquake,Bollettino
53273,2026-06-17 08:19:41.41,40.826833,14.120333,0.93,0.1,0.3,flegrei,earthquake,Bollettino
53276,2026-06-17 15:20:56,40.836667,14.123,1.5,0.7,0.3,flegrei,earthquake,Bollettino
53277,2026-06-17 15:54:06.89,40.8075,14.103167,3.96,1.4,0.3,flegrei,earthquake,Bollettino
53278,2026-06-17 16:26:30.049,,,,-0.3,0.3,flegrei,earthquake,Bollettino
53283,2026-06-17 16:26:36.589,,,,-0.3,0.3,flegrei,earthquake,Bollettino
53279,2026-06-17 19:05:42.15,40.837667,14.124333,1.81,0.1,0.3,flegrei,earthquake,Bollettino
53280,2026-06-17 20:19:02.829,40.825,14.157667,1.66,0.2,0.3,flegrei,earthquake,Bollettino
53281,2026-06-18 00:17:25.71,40.8295,14.139167,1.16,-0.1,0.3,flegrei,earthquake,Bollettino
53287,2026-06-18 19:24:45.069,,,,-0.3,0.3,flegrei,earthquake,Bollettino
53292,2026-06-18 21:09:38.67,40.822833,14.151167,0.89,0.1,0.3,flegrei,earthquake,Bollettino
53291,2026-06-19 07:36:55.299,,,,-0.1,0.3,flegrei,earthquake,Bollettino
53348,2026-06-19 13:44:04.23,40.808833,14.1545,3.19,-0.1,0.3,flegrei,earthquake,Bollettino
53349,2026-06-19 14:31:10.9,,,,-0.3,0.3,flegrei,earthquake,Bollettino
53350,2026-06-19 16:59:41.049,,,,-0.1,0.3,flegrei,earthquake,Bollettino
53296,2026-06-19 22:14:29.7,40.829333,14.135333,1.7,0.6,0.3,flegrei,earthquake,Bollettino
53351,2026-06-20 08:13:17.819,,,,-0.1,0.3,flegrei,earthquake,Bollettino
53298,2026-06-20 08:13:31.44,40.829167,14.131,1.74,0.6,0.3,flegrei,earthquake,Bollettino
53299,2026-06-20 08:17:16.769,40.828667,14.133667,2.51,0.2,0.3,flegrei,earthquake,Bollettino
53300,2026-06-20 08:44:08.829,40.828,14.132167,1.53,0.6,0.3,flegrei,earthquake,Bollettino
53352,2026-06-20 09:53:19.589,,,,-0.1,0.3,flegrei,earthquake,Bollettino
53353,2026-06-21 06:48:28.18,,,,-0.3,0.3,flegrei,earthquake,Bollettino
53354,2026-06-21 06:48:50.39,,,,-0.3,0.3,flegrei,earthquake,Bollettino
53303,2026-06-21 06:49:04.13,,,,-0.3,0.3,flegrei,earthquake,Bollettino
53355,2026-06-21 06:49:16.309,,,,-0.3,0.3,flegrei,earthquake,Bollettino
53356,2026-06-21 06:49:26.24,,,,-0.3,0.3,flegrei,earthquake,Bollettino
53304,2026-06-21 06:49:56.47,40.826833,14.139,0.87,0.7,0.3,flegrei,earthquake,Bollettino
53305,2026-06-21 06:50:21.96,40.8295,14.140167,1.03,0.1,0.3,flegrei,earthquake,Bollettino
53306,2026-06-21 08:12:52.18,,,,-0.3,0.3,flegrei,earthquake,Bollettino
53307,2026-06-21 09:50:35,40.8265,14.1445,0.75,-0.1,0.3,flegrei,earthquake,Bollettino
53308,2026-06-21 10:16:36.799,40.822167,14.136667,0.94,0.1,0.3,flegrei,earthquake,Bollettino
53309,2026-06-21 11:02:41.299,,,,-0.1,0.3,flegrei,earthquake,Bollettino
53310,2026-06-21 11:25:55.42,,,,-0.3,0.3,flegrei,earthquake,Bollettino
53311,2026-06-21 15:19:26.49,40.833167,14.137333,1.75,0.1,0.3,flegrei,earthquake,Bollettino
53312,2026-06-21 15:23:35.119,40.825833,14.1385,1.27,1.1,0.3,flegrei,earthquake,Bollettino
53313,2026-06-21 15:28:54.19,,,,-0.1,0.3,flegrei,earthquake,Bollettino
53314,2026-06-21 16:06:19.839,,,,-0.1,0.3,flegrei,earthquake,Bollettino
53315,2026-06-21 16:22:41.93,40.823167,14.1365,1.91,-0.1,0.3,flegrei,earthquake,Bollettino
53316,2026-06-21 16:28:45.329,40.820333,14.135167,1.44,0.1,0.3,flegrei,earthquake,Bollettino
53317,2026-06-21 18:01:53.43,40.826833,14.149167,1.2,0.4,0.3,flegrei,earthquake,Bollettino
53318,2026-06-21 18:03:58.67,40.827333,14.15,1.23,0.7,0.3,flegrei,earthquake,Bollettino
53367,2026-06-21 18:19:05.619,40.8235,14.1345,1.07,-0.1,0.3,flegrei,earthquake,Bollettino
53319,2026-06-21 18:57:28.46,40.820333,14.1345,1.16,0.4,0.3,flegrei,earthquake,Bollettino
53368,2026-06-21 18:57:59.509,40.820833,14.134,1.33,-0.1,0.3,flegrei,earthquake,Bollettino
53320,2026-06-21 18:59:21.829,40.8215,14.134333,1.13,0.1,0.3,flegrei,earthquake,Bollettino
53321,2026-06-21 19:24:33.69,40.822167,14.136,1.32,0.1,0.3,flegrei,earthquake,Bollettino
53322,2026-06-21 20:58:46.88,40.822333,14.132667,0.92,0.5,0.3,flegrei,earthquake,Bollettino
53323,2026-06-21 20:59:01.72,40.824167,14.134333,1.85,0.2,0.3,flegrei,earthquake,Bollettino
53369,2026-06-21 21:00:53.65,40.822833,14.135333,1.97,-0.3,0.3,flegrei,earthquake,Bollettino
53370,2026-06-21 21:01:01.75,40.821,14.132333,1.56,0.1,0.3,flegrei,earthquake,Bollettino
53324,2026-06-21 21:30:01.849,40.822167,14.132167,1.69,0.2,0.3,flegrei,earthquake,Bollettino
53325,2026-06-21 21:39:39.619,,,,-0.1,0.3,flegrei,earthquake,Bollettino
53326,2026-06-21 22:20:29.509,40.823,14.131167,1.15,0.2,0.3,flegrei,earthquake,Bollettino
53327,2026-06-21 22:23:11.779,40.822833,14.133,1.67,-0.1,0.3,flegrei,earthquake,Bollettino
53371,2026-06-21 22:23:25.289,,,,-0.3,0.3,flegrei,earthquake,Bollettino
53372,2026-06-21 22:23:32.14,,,,,,flegrei,earthquake,Bollettino
53328,2026-06-21 22:26:31.299,40.823,14.132333,0.83,1,0.3,flegrei,earthquake,Bollettino
53329,2026-06-21 22:28:29.69,40.821667,14.133,1.36,0.7,0.3,flegrei,earthquake,Bollettino
53330,2026-06-21 22:32:47.2,40.821167,14.133333,1.36,0.6,0.3,flegrei,earthquake,Bollettino
53333,2026-06-21 23:04:35.49,,,,,,flegrei,earthquake,Bollettino
53373,2026-06-21 23:18:47.13,,,,-0.8,0.3,flegrei,earthquake,Bollettino
53336,2026-06-22 00:24:07.819,40.8285,14.143333,2.29,1,0.3,flegrei,earthquake,Bollettino
53337,2026-06-22 02:36:32.93,,,,-0.1,0.3,flegrei,earthquake,Bollettino
53338,2026-06-22 02:47:29.49,40.823333,14.160667,2.63,1.1,0.3,flegrei,earthquake,Bollettino
53339,2026-06-22 03:09:56.2,,,,,,flegrei,earthquake,Bollettino
53340,2026-06-22 03:09:58.66,40.8275,14.162,2.73,0.5,0.3,flegrei,earthquake,Bollettino
53341,2026-06-22 03:31:31.2,,,,-0.1,0.3,flegrei,earthquake,Bollettino
53342,2026-06-22 04:13:02.49,40.8245,14.1555,2.71,0.4,0.3,flegrei,earthquake,Bollettino
53343,2026-06-22 04:19:20.599,40.823333,14.160333,2.29,0.1,0.3,flegrei,earthquake,Bollettino
53344,2026-06-22 04:34:24.529,40.822833,14.133833,1.23,0.1,0.3,flegrei,earthquake,Bollettino
53347,2026-06-22 11:09:37.39,40.824,14.142667,1.1,0.2,0.3,flegrei,earthquake,Bollettino
53357,2026-06-22 20:07:54.22,40.818667,14.149,0.87,0.1,0.3,flegrei,earthquake,Bollettino
53361,2026-06-22 22:54:00.019,40.822667,14.120167,1.85,0.2,0.3,flegrei,earthquake,Bollettino
53363,2026-06-23 00:11:51.369,40.815,14.157167,2.63,-0.1,0.3,flegrei,earthquake,Bollettino
53364,2026-06-23 00:32:51.38,40.810667,14.154167,2.68,-0.3,0.3,flegrei,earthquake,Bollettino
53365,2026-06-23 01:54:20.46,,,,,,flegrei,earthquake,Bollettino
53374,2026-06-23 19:07:08.97,40.810333,14.152333,2.24,0.2,0.3,flegrei,earthquake,Bollettino
53375,2026-06-23 22:10:43.25,40.821167,14.1475,0.96,-0.1,0.3,flegrei,earthquake,Bollettino
53376,2026-06-23 22:54:08.17,40.8105,14.1485,1.69,-0.1,0.3,flegrei,earthquake,Bollettino
53377,2026-06-24 00:34:27.029,40.835,14.121667,1.47,0.4,0.3,flegrei,earthquake,Bollettino
53378,2026-06-24 00:52:41.539,40.825833,14.1465,0.89,0.2,0.3,flegrei,earthquake,Bollettino
53379,2026-06-24 01:02:59.759,40.837,14.1185,2.69,3,0.3,flegrei,earthquake,Bollettino
53387,2026-06-24 01:03:53.079,40.839333,14.120667,2.81,1.3,0.3,flegrei,earthquake,Bollettino
53388,2026-06-24 01:04:17.4,40.837833,14.117667,2,0.8,0.3,flegrei,earthquake,Bollettino
53416,2026-06-24 01:04:44.68,,,,,,flegrei,earthquake,Bollettino
53380,2026-06-24 01:05:59.589,,,,,,flegrei,earthquake,Bollettino
53381,2026-06-24 01:14:16.41,,,,,,flegrei,earthquake,Bollettino
53382,2026-06-24 01:14:28.559,40.8415,14.1175,2.87,1.1,0.3,flegrei,earthquake,Bollettino
53383,2026-06-24 01:14:55.69,40.837667,14.1155,2.64,1.9,0.3,flegrei,earthquake,Bollettino
53390,2026-06-24 01:15:36.059,40.839667,14.119333,2.56,1.3,0.3,flegrei,earthquake,Bollettino
53389,2026-06-24 01:16:00.759,40.834167,14.115667,1.84,1.2,0.3,flegrei,earthquake,Bollettino
53384,2026-06-24 01:18:35.67,,,,,,flegrei,earthquake,Bollettino
53385,2026-06-24 01:18:49.72,,,,,,flegrei,earthquake,Bollettino
53391,2026-06-24 02:22:40.41,40.835,14.117333,1.8,0.2,0.3,flegrei,earthquake,Bollettino
53392,2026-06-24 02:23:20.99,,,,-0.1,0.3,flegrei,earthquake,Bollettino
53393,2026-06-24 05:20:13.23,40.8345,14.090333,2.67,1.8,0.3,flegrei,earthquake,Bollettino
53425,2026-06-24 16:09:51.16,,,,-0.3,0.3,flegrei,earthquake,Bollettino
53394,2026-06-24 16:10:00.91,40.825,14.142167,0.94,0.5,0.3,flegrei,earthquake,Bollettino
53426,2026-06-24 16:10:15.16,,,,-0.3,0.3,flegrei,earthquake,Bollettino
53395,2026-06-24 17:22:47.68,40.8315,14.143,1.41,0.8,0.3,flegrei,earthquake,Bollettino
53396,2026-06-24 17:49:17.009,40.827,14.1485,2.28,0.6,0.3,flegrei,earthquake,Bollettino
53397,2026-06-24 18:37:46.289,40.825333,14.144167,1.21,0.8,0.3,flegrei,earthquake,Bollettino
53428,2026-06-24 18:38:11.579,,,,,,flegrei,earthquake,Bollettino
53398,2026-06-24 18:44:26.96,,,,-0.3,0.3,flegrei,earthquake,Bollettino
53429,2026-06-24 18:44:33.74,40.824667,14.1455,1.06,0.1,0.3,flegrei,earthquake,Bollettino
53399,2026-06-24 18:44:33.74,40.824667,14.1455,1.06,0.2,0.3,flegrei,earthquake,Bollettino
53430,2026-06-24 19:30:45.99,,,,,,flegrei,earthquake,Bollettino
53400,2026-06-24 19:36:37.93,,,,,,flegrei,earthquake,Bollettino
53403,2026-06-25 00:06:22.43,,,,-0.5,0.3,flegrei,earthquake,Bollettino
53404,2026-06-25 00:06:28.71,40.823667,14.145333,1.7,0.4,0.3,flegrei,earthquake,Bollettino
53405,2026-06-25 00:25:23.5,40.822,14.149,1.66,0.5,0.3,flegrei,earthquake,Bollettino
53406,2026-06-25 02:17:52.94,40.832667,14.091333,2.65,3.6,0.3,flegrei,earthquake,Bollettino
53408,2026-06-25 02:18:39.68,40.8345,14.085833,2.38,1.7,0.3,flegrei,earthquake,Bollettino
53407,2026-06-25 02:22:29.72,40.832833,14.0895,2.4,0.5,0.3,flegrei,earthquake,Bollettino
53409,2026-06-25 04:13:12.69,40.828,14.088833,2.58,0.5,0.3,flegrei,earthquake,Bollettino
53411,2026-06-25 06:53:18.829,40.822667,14.149,1.48,0.5,0.3,flegrei,earthquake,Bollettino
53412,2026-06-25 06:57:39.89,40.820333,14.143667,1.81,-0.1,0.3,flegrei,earthquake,Bollettino
53413,2026-06-25 09:41:27.46,40.8225,14.146667,1.73,1.3,0.3,flegrei,earthquake,Bollettino
53414,2026-06-25 10:47:44.46,40.821667,14.1445,0.99,0.1,0.3,flegrei,earthquake,Bollettino
53415,2026-06-25 13:40:28.089,,,,,,flegrei,earthquake,Bollettino
53418,2026-06-25 14:37:34.019,40.838333,14.0865,2.59,1.4,0.3,flegrei,earthquake,Bollettino
53420,2026-06-25 18:28:52.289,40.8215,14.1435,1.65,0.4,0.3,flegrei,earthquake,Bollettino
53421,2026-06-25 19:34:20.17,40.820333,14.143,1.49,-0.1,0.3,flegrei,earthquake,Bollettino
53427,2026-06-25 23:50:22.39,,,,-0.5,0.3,flegrei,earthquake,Bollettino
53423,2026-06-25 23:51:05.24,40.824667,14.143333,0.88,0.7,0.3,flegrei,earthquake,Bollettino
53435,2026-06-27 02:34:33.38,,,,,,flegrei,earthquake,Bollettino
53436,2026-06-27 03:23:23.779,40.810167,14.149,3.11,0.2,0.3,flegrei,earthquake,Bollettino
53437,2026-06-27 04:11:33.339,40.8345,14.0965,2,0.7,0.3,flegrei,earthquake,Bollettino
53473,2026-06-27 05:22:07.049,40.825833,14.140167,1.08,0.1,0.3,flegrei,earthquake,Bollettino
53438,2026-06-27 11:54:35.71,40.837,14.134667,2.06,1.3,0.3,flegrei,earthquake,Bollettino
53439,2026-06-27 12:20:59.18,40.829167,14.141,1.24,0.1,0.3,flegrei,earthquake,Bollettino
53440,2026-06-27 12:27:45.47,40.824167,14.149,2.2,0.9,0.3,flegrei,earthquake,Bollettino
53441,2026-06-27 12:28:11.799,40.836833,14.1345,2.39,0.6,0.3,flegrei,earthquake,Bollettino
53444,2026-06-27 13:15:59.089,,,,-0.3,0.3,flegrei,earthquake,Bollettino
53448,2026-06-27 21:23:39.45,40.838,14.126167,1.78,0.7,0.3,flegrei,earthquake,Bollettino
53474,2026-06-28 00:39:29.869,,,,,,flegrei,earthquake,Bollettino
53450,2026-06-28 00:39:31.88,40.837833,14.137,2.56,0.1,0.3,flegrei,earthquake,Bollettino
53452,2026-06-28 02:46:26.94,,,,-0.1,0.3,flegrei,earthquake,Bollettino
53453,2026-06-28 02:47:08.339,40.827333,14.081833,2.91,0.8,0.3,flegrei,earthquake,Bollettino
53460,2026-06-28 07:53:26.47,40.8265,14.144,1.89,-0.3,0.3,flegrei,earthquake,Bollettino
53461,2026-06-28 07:53:37.4,40.8265,14.150667,1.75,-0.1,0.3,flegrei,earthquake,Bollettino
53476,2026-06-28 07:54:24.47,,,,-0.5,0.3,flegrei,earthquake,Bollettino
53477,2026-06-28 13:44:07.049,,,,-0.5,0.3,flegrei,earthquake,Bollettino
53462,2026-06-28 16:37:06.96,40.8285,14.1365,2.5,0.5,0.3,flegrei,earthquake,Bollettino
53463,2026-06-28 19:28:39.859,40.810833,14.152167,2.85,-0.3,0.3,flegrei,earthquake,Bollettino
53465,2026-06-28 22:37:47.73,40.8255,14.138333,0.85,0.5,0.3,flegrei,earthquake,Bollettino
53466,2026-06-29 04:13:26.96,40.815333,14.157167,2.71,-0.1,0.3,flegrei,earthquake,Bollettino
53467,2026-06-29 05:00:02.75,40.833167,14.136333,2.18,1.7,0.3,flegrei,earthquake,Bollettino
53468,2026-06-29 05:06:10.359,40.834667,14.134667,2.17,0.6,0.3,flegrei,earthquake,Bollettino
53471,2026-06-29 09:24:41.23,,,,-0.5,0.3,flegrei,earthquake,Bollettino
53472,2026-06-29 11:07:29.38,,,,-0.3,0.3,flegrei,earthquake,Bollettino
53479,2026-06-29 23:08:38.13,40.822833,14.131333,2.38,2.1,0.3,flegrei,earthquake,Bollettino
53480,2026-06-29 23:10:03.43,40.821667,14.132667,1.54,0.5,0.3,flegrei,earthquake,Bollettino
53481,2026-06-30 00:53:55.309,40.821667,14.127667,1.15,0.6,0.3,flegrei,earthquake,Bollettino
53482,2026-06-30 00:54:36.559,40.822833,14.131,1.83,1.3,0.3,flegrei,earthquake,Bollettino
53490,2026-06-30 02:34:18.099,40.83,14.141167,1.86,0.2,0.3,flegrei,earthquake,Bollettino
53483,2026-06-30 02:35:14.95,40.831333,14.139667,1.7,0.6,0.3,flegrei,earthquake,Bollettino
53487,2026-06-30 22:29:04.809,40.828,14.123,2.15,0.5,0.3,flegrei,earthquake,Bollettino
53488,2026-06-30 23:11:02.98,,,,-0.3,0.3,flegrei,earthquake,Bollettino
53492,2026-07-01 18:57:11.47,40.831833,14.140167,1.03,0.8,0.3,flegrei,earthquake,Bollettino
53493,2026-07-01 22:28:41.63,40.8325,14.128667,2.5,1.1,0.3,flegrei,earthquake,Bollettino
53509,2026-07-01 22:32:31.059,40.8275,14.133167,1.8,0.1,0.3,flegrei,earthquake,Bollettino
53494,2026-07-01 22:32:47.279,40.8315,14.131833,2.28,0.6,0.3,flegrei,earthquake,Bollettino
53495,2026-07-01 22:33:20.119,40.8315,14.133167,2.37,0.6,0.3,flegrei,earthquake,Bollettino
53496,2026-07-01 22:34:48.49,40.8325,14.132,2.61,2,0.3,flegrei,earthquake,Bollettino
53511,2026-07-01 22:36:26.67,,,,-0.1,0.3,flegrei,earthquake,Bollettino
53505,2026-07-01 22:36:44.299,40.833333,14.1265,1.84,1.1,0.3,flegrei,earthquake,Bollettino
53510,2026-07-01 22:38:11.849,40.832833,14.127333,2.55,0.1,0.3,flegrei,earthquake,Bollettino
53512,2026-07-01 22:38:31.64,40.831167,14.129,2.13,0.1,0.3,flegrei,earthquake,Bollettino
53514,2026-07-01 22:39:30.799,40.831667,14.129167,2.08,0.5,0.3,flegrei,earthquake,Bollettino
53515,2026-07-01 22:40:16.529,,,,-0.1,0.3,flegrei,earthquake,Bollettino
53516,2026-07-01 22:40:57.119,,,,-0.1,0.3,flegrei,earthquake,Bollettino
53497,2026-07-01 22:41:17.369,40.830833,14.129167,1.82,0.6,0.3,flegrei,earthquake,Bollettino
53498,2026-07-01 22:42:01.309,40.832667,14.128833,2.91,0.8,0.3,flegrei,earthquake,Bollettino
53499,2026-07-01 22:42:25.44,40.832667,14.132333,2.43,0.9,0.3,flegrei,earthquake,Bollettino
53518,2026-07-01 22:42:43.779,40.832,14.130167,1.94,0.1,0.3,flegrei,earthquake,Bollettino
53504,2026-07-01 22:43:37.47,40.8325,14.131833,2.62,1.3,0.3,flegrei,earthquake,Bollettino
53517,2026-07-01 22:45:45.44,40.8325,14.130167,2.5,0.5,0.3,flegrei,earthquake,Bollettino
53501,2026-07-01 22:46:13.349,40.831833,14.132333,2.58,1.5,0.3,flegrei,earthquake,Bollettino
53502,2026-07-01 22:47:15.579,40.834333,14.128,2.95,1.1,0.3,flegrei,earthquake,Bollettino
53508,2026-07-01 22:47:40.819,40.8315,14.134,2.33,0.1,0.3,flegrei,earthquake,Bollettino
53503,2026-07-01 22:52:32.829,40.832667,14.132833,2.67,1.3,0.3,flegrei,earthquake,Bollettino
53506,2026-07-01 22:59:03.93,40.8325,14.132833,2.64,1,0.3,flegrei,earthquake,Bollettino
53507,2026-07-01 23:03:52.509,40.8315,14.136333,2.49,0.4,0.3,flegrei,earthquake,Bollettino
53513,2026-07-01 23:07:38.39,40.8315,14.1335,2.25,0.4,0.3,flegrei,earthquake,Bollettino
53519,2026-07-02 03:13:05.539,40.813,14.161833,3.5,-0.1,0.3,flegrei,earthquake,Bollettino
53527,2026-07-03 01:22:00.869,40.813667,14.152333,1.81,0.5,0.3,flegrei,earthquake,Bollettino
53528,2026-07-03 07:32:32.41,,,,-0.1,0.3,flegrei,earthquake,Bollettino
53535,2026-07-04 01:24:37.509,40.8405,14.127333,0.84,0.1,0.3,flegrei,earthquake,Bollettino
53536,2026-07-04 03:58:10.43,,,,-0.1,0.3,flegrei,earthquake,Bollettino
53537,2026-07-04 04:01:16.88,40.826833,14.140167,0.88,1.9,0.3,flegrei,earthquake,Bollettino
53542,2026-07-04 04:01:41.009,40.825167,14.141,0.83,1,0.3,flegrei,earthquake,Bollettino
53543,2026-07-04 04:02:03.88,40.825,14.142667,1.07,0.5,0.3,flegrei,earthquake,Bollettino
53538,2026-07-04 04:03:39.19,40.8245,14.141833,0.87,0.2,0.3,flegrei,earthquake,Bollettino
53539,2026-07-04 04:04:08.96,,,,-0.3,0.3,flegrei,earthquake,Bollettino
53540,2026-07-04 04:04:30.279,40.8245,14.141,0.88,0.2,0.3,flegrei,earthquake,Bollettino
53541,2026-07-04 04:05:05.63,40.825,14.140167,0.9,0.6,0.3,flegrei,earthquake,Bollettino
53544,2026-07-04 04:05:24.849,40.8255,14.139167,0.72,0.2,0.3,flegrei,earthquake,Bollettino
53545,2026-07-04 17:29:06.369,,,,-0.5,0.3,flegrei,earthquake,Bollettino
53546,2026-07-05 03:41:38.559,,,,-0.1,0.3,flegrei,earthquake,Bollettino
53547,2026-07-05 07:02:25.279,40.8385,14.131833,1.74,0.2,0.3,flegrei,earthquake,Bollettino
53549,2026-07-05 20:41:10.94,40.820333,14.151667,2.5,0.4,0.3,flegrei,earthquake,Bollettino
53555,2026-07-05 23:15:43.309,40.824333,14.154,1.3,-0.1,0.3,flegrei,earthquake,Bollettino
53556,2026-07-06 02:15:21.309,,,,,,flegrei,earthquake,Bollettino
53551,2026-07-06 02:52:23.609,,,,,,flegrei,earthquake,Bollettino
53557,2026-07-06 03:18:07.42,40.823667,14.140833,1.11,-0.1,0.3,flegrei,earthquake,Bollettino
53552,2026-07-06 03:36:30.49,40.837333,14.1325,1.98,0.4,0.3,flegrei,earthquake,Bollettino
53553,2026-07-06 08:52:54.269,40.824333,14.13,1.23,1.5,0.3,flegrei,earthquake,Bollettino
53554,2026-07-06 11:16:43.25,,,,-0.3,0.3,flegrei,earthquake,Bollettino
53565,2026-07-06 23:40:01.18,40.826667,14.086333,2.97,1.4,0.3,flegrei,earthquake,Bollettino
53567,2026-07-07 01:50:22.65,40.828333,14.083167,2.82,1.4,0.3,flegrei,earthquake,Bollettino
53569,2026-07-07 12:50:24.18,40.824333,14.156167,2.58,0.5,0.3,flegrei,earthquake,Bollettino
53572,2026-07-07 16:59:46.91,40.824667,14.1545,2.53,0.2,0.3,flegrei,earthquake,Bollettino
53571,2026-07-07 17:07:01.72,40.824833,14.154167,2.71,0.6,0.3,flegrei,earthquake,Bollettino
53573,2026-07-07 20:06:31.759,40.828333,14.143333,0.93,0.5,0.3,flegrei,earthquake,Bollettino
53575,2026-07-08 01:18:01.539,,,,-0.1,0.3,flegrei,earthquake,Bollettino
53576,2026-07-08 01:53:00.059,,,,,,flegrei,earthquake,Bollettino
53578,2026-07-08 04:05:39.829,,,,-0.3,0.3,flegrei,earthquake,Bollettino
53579,2026-07-08 04:39:14.44,,,,,,flegrei,earthquake,Bollettino
53582,2026-07-08 10:54:34.25,40.825,14.138167,0.77,0.2,0.3,flegrei,earthquake,Bollettino
53580,2026-07-08 10:54:49.019,40.825,14.140167,0.87,0.1,0.3,flegrei,earthquake,Bollettino
53581,2026-07-08 10:55:15.48,40.824667,14.138833,0.65,0.2,0.3,flegrei,earthquake,Bollettino
53583,2026-07-08 16:11:45.95,40.838,14.140833,1.32,0.2,0.3,flegrei,earthquake,Bollettino
53584,2026-07-08 16:15:20.299,40.837333,14.140833,1.43,0.1,0.3,flegrei,earthquake,Bollettino
53585,2026-07-08 16:16:33.23,40.834333,14.140833,1.24,0.1,0.3,flegrei,earthquake,Bollettino
53595,2026-07-09 15:59:40.19,,,,,,flegrei,earthquake,Bollettino
53588,2026-07-09 15:59:44.24,40.827333,14.141667,1.08,0.1,0.3,flegrei,earthquake,Bollettino
53596,2026-07-09 16:06:38.759,,,,-0.1,0.3,flegrei,earthquake,Bollettino
53591,2026-07-09 20:18:17.38,,,,,,flegrei,earthquake,Bollettino
53597,2026-07-09 23:48:43.74,40.820333,14.147167,2.12,-0.1,0.3,flegrei,earthquake,Bollettino
53598,2026-07-10 00:08:59.039,,,,-0.3,0.3,flegrei,earthquake,Bollettino
53599,2026-07-10 00:15:32.95,,,,-0.3,0.3,flegrei,earthquake,Bollettino
53602,2026-07-10 16:44:51.39,40.8315,14.140167,1.44,0.2,0.3,flegrei,earthquake,Bollettino
53612,2026-07-10 16:45:00.38,,,,,,flegrei,earthquake,Bollettino
53613,2026-07-10 18:52:24.2,,,,-0.3,0.3,flegrei,earthquake,Bollettino
53604,2026-07-10 21:12:09.13,40.828,14.135667,1.24,0.1,0.3,flegrei,earthquake,Bollettino
53608,2026-07-10 23:24:17.009,,,,-0.1,0.3,flegrei,earthquake,Bollettino
53611,2026-07-11 08:34:59.91,40.812,14.151667,2.84,0.4,0.3,flegrei,earthquake,Bollettino
53626,2026-07-11 18:45:05.059,,,,-0.1,0.3,flegrei,earthquake,Bollettino
53618,2026-07-12 03:13:37.43,40.815167,14.117333,3.16,0.2,0.3,flegrei,earthquake,Bollettino
53621,2026-07-12 11:39:06.059,40.835167,14.124,2.56,1.2,0.3,flegrei,earthquake,Bollettino
53622,2026-07-13 02:13:45.339,40.824833,14.141333,0.96,0.2,0.3,flegrei,earthquake,Bollettino
53623,2026-07-13 02:14:26.93,40.825,14.138667,0.84,0.1,0.3,flegrei,earthquake,Bollettino
53625,2026-07-13 03:46:15.839,40.803,14.1125,2.75,0.7,0.3,flegrei,earthquake,Bollettino
53637,2026-07-16 07:47:40.349,40.832833,14.140167,1.45,0.1,0.3,flegrei,earthquake,Bollettino
53640,2026-07-16 17:21:16.95,,,,-0.1,0.3,flegrei,earthquake,Bollettino
53649,2026-07-17 14:37:27.2,40.823833,14.149333,1.12,0.1,0.3,flegrei,earthquake,Bollettino
53644,2026-07-18 21:04:10.859,40.831333,14.144333,1.68,0.5,0.3,flegrei,earthquake,Bollettino
53646,2026-07-19 04:18:46.18,40.824,14.1535,1.03,0.2,0.3,flegrei,earthquake,Bollettino
53648,2026-07-19 04:19:08.16,,,,-0.1,0.3,flegrei,earthquake,Bollettino
53647,2026-07-19 06:55:51.18,40.827,14.118333,2.38,0.8,0.3,flegrei,earthquake,Bollettino
53667,2026-07-20 03:23:27.559,40.833833,14.141833,2.08,0.1,0.3,flegrei,earthquake,Bollettino
53668,2026-07-20 03:23:49.98,,,,-0.5,0.3,flegrei,earthquake,Bollettino
53669,2026-07-20 03:24:02.579,,,,,,flegrei,earthquake,Bollettino
53650,2026-07-20 03:24:05.069,40.83,14.142667,1.9,0.1,0.3,flegrei,earthquake,Bollettino
53653,2026-07-20 17:54:20.5,40.8255,14.139667,0.98,0.1,0.3,flegrei,earthquake,Bollettino
53654,2026-07-20 17:54:38.269,40.825667,14.139667,0.94,0.4,0.3,flegrei,earthquake,Bollettino
53672,2026-07-21 10:36:59.049,40.834833,14.126667,2.04,1.3,0.3,flegrei,earthquake,Bollettino
53673,2026-07-21 10:37:49.789,40.838167,14.133167,2.6,0.6,0.3,flegrei,earthquake,Bollettino
53675,2026-07-21 17:47:55.069,40.8265,14.145,1.99,0.7,0.3,flegrei,earthquake,Bollettino
53676,2026-07-21 19:27:08.7,40.825167,14.152667,1.27,0.6,0.3,flegrei,earthquake,Bollettino
53679,2026-07-22 01:42:28.339,40.839333,14.127333,2.24,0.8,0.3,flegrei,earthquake,Bollettino
53682,2026-07-22 06:46:23.009,,,,-0.5,0.3,flegrei,earthquake,Bollettino
53680,2026-07-22 06:46:28.44,40.8245,14.151,2.3,0.1,0.3,flegrei,earthquake,Bollettino
53681,2026-07-22 07:08:03.47,,,,,,flegrei,earthquake,Bollettino
53683,2026-07-22 13:19:03.019,40.820333,14.144167,2.64,0.4,0.3,flegrei,earthquake,Bollettino
53695,2026-07-22 13:19:14.41,,,,-0.1,0.3,flegrei,earthquake,Bollettino
53694,2026-07-22 13:28:39.359,40.823833,14.137333,1.93,0.6,0.3,flegrei,earthquake,Bollettino
53685,2026-07-22 21:07:51.17,40.820333,14.136833,1.44,0.1,0.3,flegrei,earthquake,Bollettino
53696,2026-07-22 21:08:00.359,,,,-0.1,0.3,flegrei,earthquake,Bollettino
53686,2026-07-22 21:08:26.75,40.821,14.137,1.51,1.3,0.3,flegrei,earthquake,Bollettino
53687,2026-07-22 21:08:51.64,40.821667,14.135667,1.59,0.5,0.3,flegrei,earthquake,Bollettino
53706,2026-07-23 12:54:54.599,40.825333,14.141833,2.13,-0.1,0.3,flegrei,earthquake,Bollettino
53697,2026-07-23 14:55:53.75,,,,-0.3,0.3,flegrei,earthquake,Bollettino
53698,2026-07-23 14:59:52.49,40.826,14.143,1.35,-0.1,0.3,flegrei,earthquake,Bollettino
53699,2026-07-23 16:48:51.369,40.823833,14.149,2.17,-0.1,0.3,flegrei,earthquake,Bollettino
53700,2026-07-23 16:49:09.73,40.828833,14.147667,2.28,1.3,0.3,flegrei,earthquake,Bollettino
53707,2026-07-24 05:20:45.369,40.826667,14.140833,1.65,0.1,0.3,flegrei,earthquake,Bollettino
53735,2026-07-24 14:41:35.809,40.830833,14.148667,1.97,-0.1,0.3,flegrei,earthquake,Bollettino
53710,2026-07-25 06:51:36.549,40.818,14.1605,2.74,0.4,0.3,flegrei,earthquake,Bollettino
53736,2026-07-26 05:03:50.349,40.826667,14.147333,1.79,-0.1,0.3,flegrei,earthquake,Bollettino
53715,2026-07-26 14:28:03.47,40.837,14.131333,2.05,0.4,0.3,flegrei,earthquake,Bollettino
53724,2026-07-26 14:57:41.88,40.821833,14.145167,2.24,0.6,0.3,flegrei,earthquake,Bollettino
53716,2026-07-26 14:57:50.289,40.8235,14.145667,2.51,0.6,0.3,flegrei,earthquake,Bollettino
53737,2026-07-26 14:57:56.95,40.821667,14.142333,2.32,0.1,0.3,flegrei,earthquake,Bollettino
53738,2026-07-26 14:58:16.63,,,,-0.5,0.3,flegrei,earthquake,Bollettino
53717,2026-07-26 14:58:20.369,40.823,14.142167,2.1,1.1,0.3,flegrei,earthquake,Bollettino
53739,2026-07-26 14:58:44.279,,,,-0.5,0.3,flegrei,earthquake,Bollettino
53718,2026-07-26 14:58:49.14,40.824667,14.141167,2.41,1,0.3,flegrei,earthquake,Bollettino
53719,2026-07-26 15:00:10.24,40.826,14.143167,2.51,1.6,0.3,flegrei,earthquake,Bollettino
53720,2026-07-26 15:00:36.68,40.822167,14.144,2.14,0.5,0.3,flegrei,earthquake,Bollettino
53721,2026-07-26 15:00:56.579,40.8245,14.142333,2.37,1.1,0.3,flegrei,earthquake,Bollettino
53722,2026-07-26 15:01:17.319,,,,-0.5,0.3,flegrei,earthquake,Bollettino
53725,2026-07-26 15:03:34.72,40.822,14.143,2.26,0.6,0.3,flegrei,earthquake,Bollettino
53723,2026-07-26 15:13:17.74,40.8235,14.149,2.08,0.4,0.3,flegrei,earthquake,Bollettino
53726,2026-07-26 17:25:22.64,40.820333,14.141667,1.53,0.1,0.3,flegrei,earthquake,Bollettino
53727,2026-07-26 17:27:07.789,40.823667,14.142833,1.82,0.1,0.3,flegrei,earthquake,Bollettino
53728,2026-07-26 18:59:58.109,40.823333,14.14,1.83,1,0.3,flegrei,earthquake,Bollettino
53729,2026-07-26 19:00:19.069,40.822333,14.140667,2.08,1,0.3,flegrei,earthquake,Bollettino
53730,2026-07-26 20:00:40.97,40.803167,14.140167,3.94,0.7,0.3,flegrei,earthquake,Bollettino
53732,2026-07-27 05:48:29.97,40.817833,14.163,2.53,2,0.3,flegrei,earthquake,Bollettino
53733,2026-07-27 05:59:39.22,40.817667,14.160167,2.78,0.7,0.3,flegrei,earthquake,Bollettino
53734,2026-07-27 08:07:43.789,40.818667,14.159833,2.52,0.2,0.3,flegrei,earthquake,Bollettino
53740,2026-07-27 11:00:10.859,40.817,14.160667,2.48,0.1,0.3,flegrei,earthquake,Bollettino
53771,2026-07-27 11:42:25.89,,,,,,flegrei,earthquake,Bollettino
53742,2026-07-27 11:42:28.18,40.829333,14.144,2.12,0.5,0.3,flegrei,earthquake,Bollettino
53741,2026-07-27 11:48:38.66,40.832667,14.142,2.53,-0.3,0.3,flegrei,earthquake,Bollettino
54229,2026-07-27 11:52:51.48,40.828833,14.137,2.26,-0.1,0.3,flegrei,earthquake,Bollettino
54230,2026-07-27 11:59:45.71,40.8315,14.139,2.47,0.1,0.3,flegrei,earthquake,Bollettino
53743,2026-07-27 12:00:41.96,,,,-0.8,0.3,flegrei,earthquake,Bollettino
54192,2026-07-27 12:03:01.49,,,,-0.1,0.3,flegrei,earthquake,Bollettino
53744,2026-07-27 12:03:32.069,,,,,,flegrei,earthquake,Bollettino
53746,2026-07-27 12:04:14.839,40.832,14.143333,1.9,0.6,0.3,flegrei,earthquake,Bollettino
53745,2026-07-27 12:04:41.289,,,,,,flegrei,earthquake,Bollettino
54231,2026-07-27 16:44:58.93,,,,-0.3,0.3,flegrei,earthquake,Bollettino
53747,2026-07-27 17:19:04.18,40.8435,14.125667,1.8,0.2,0.3,flegrei,earthquake,Bollettino
53749,2026-07-27 21:06:42.569,,,,-0.3,0.3,flegrei,earthquake,Bollettino
53750,2026-07-27 21:44:50.259,40.8295,14.140167,2.28,0.2,0.3,flegrei,earthquake,Bollettino
53751,2026-07-27 22:39:06.97,40.819333,14.157,2.72,0.2,0.3,flegrei,earthquake,Bollettino
53753,2026-07-28 01:23:24.47,40.819667,14.162167,2.7,1.3,0.3,flegrei,earthquake,Bollettino
53754,2026-07-28 01:48:05.44,40.815167,14.157167,2.76,-0.1,0.3,flegrei,earthquake,Bollettino
54232,2026-07-28 21:26:40.309,,,,-0.5,0.3,flegrei,earthquake,Bollettino
53761,2026-07-29 02:36:12.69,,,,-0.8,0.3,flegrei,earthquake,Bollettino
53762,2026-07-29 02:46:17.359,40.837167,14.123833,2.66,-0.1,0.3,flegrei,earthquake,Bollettino
54237,2026-07-29 04:39:47.339,40.827333,14.147833,1.42,-0.1,0.3,flegrei,earthquake,Bollettino
53763,2026-07-30 00:43:35.829,40.811333,14.109333,4.15,1.1,0.3,flegrei,earthquake,Bollettino
53765,2026-07-30 01:39:43.069,40.806667,14.108833,4.27,2.4,0.3,flegrei,earthquake,Bollettino
53766,2026-07-30 07:16:35.48,,,,-0.8,0.3,flegrei,earthquake,Bollettino
54238,2026-07-30 07:47:25.859,,,,-0.1,0.3,flegrei,earthquake,Bollettino
53769,2026-07-30 16:43:14.059,40.828,14.140167,1.44,0.2,0.3,flegrei,earthquake,Bollettino
53772,2026-07-30 17:47:13.68,,,,-0.1,0.3,flegrei,earthquake,Bollettino
54239,2026-07-30 17:47:21.589,,,,-0.3,0.3,flegrei,earthquake,Bollettino
53773,2026-07-30 18:04:23.319,,,,-0.5,0.3,flegrei,earthquake,Bollettino
53774,2026-07-30 21:54:28.16,40.8255,14.1385,1.45,0.4,0.3,flegrei,earthquake,Bollettino
53775,2026-07-31 01:53:03.809,40.828,14.139667,1.33,0.4,0.3,flegrei,earthquake,Bollettino
53776,2026-07-31 04:17:28.109,,,,,,flegrei,earthquake,Bollettino
53777,2026-07-31 04:19:15.859,40.804667,14.146333,2.58,0.6,0.3,flegrei,earthquake,Bollettino
53778,2026-07-31 04:23:38.539,40.805167,14.146333,2.79,1.7,0.3,flegrei,earthquake,Bollettino
53781,2026-07-31 16:43:46.119,,,,-0.1,0.3,flegrei,earthquake,Bollettino
53782,2026-07-31 17:26:00.779,40.831333,14.1375,2.27,0.1,0.3,flegrei,earthquake,Bollettino
53783,2026-07-31 17:34:46.299,40.8265,14.138,1.44,0.1,0.3,flegrei,earthquake,Bollettino
54246,2026-07-31 17:34:57.15,40.825833,14.140167,1.99,0.2,0.3,flegrei,earthquake,Bollettino
54247,2026-07-31 17:36:20.789,,,,,,flegrei,earthquake,Bollettino
53784,2026-07-31 17:36:57.529,,,,,,flegrei,earthquake,Bollettino
53785,2026-07-31 17:37:45.619,,,,,,flegrei,earthquake,Bollettino
53786,2026-07-31 17:38:11.91,40.8315,14.140167,2.46,0.1,0.3,flegrei,earthquake,Bollettino
54079,2026-07-31 17:43:36.38,,,,-0.1,0.3,flegrei,earthquake,Bollettino
54248,2026-07-31 17:44:49.029,40.826667,14.137667,2.17,0.7,0.3,flegrei,earthquake,Bollettino
53787,2026-07-31 17:46:43.63,40.830333,14.140167,2.37,4.7,0.3,flegrei,earthquake,Bollettino
53858,2026-07-31 17:48:28.98,40.8315,14.145,2.18,0.2,0.3,flegrei,earthquake,Bollettino
53788,2026-07-31 17:50:26.22,,,,,,flegrei,earthquake,Bollettino
53789,2026-07-31 17:50:36.65,40.826667,14.135167,1.66,1.1,0.3,flegrei,earthquake,Bollettino
53790,2026-07-31 17:51:31.319,,,,,,flegrei,earthquake,Bollettino
54350,2026-07-31 17:52:27.329,,,,,,flegrei,earthquake,Bollettino
53791,2026-07-31 17:53:09.89,,,,,,flegrei,earthquake,Bollettino
54351,2026-07-31 17:53:20.009,,,,,,flegrei,earthquake,Bollettino
54352,2026-07-31 17:53:44.14,40.827167,14.142,2.28,-0.1,0.3,flegrei,earthquake,Bollettino
53792,2026-07-31 17:54:03.73,,,,,,flegrei,earthquake,Bollettino
54353,2026-07-31 17:54:12.45,,,,,,flegrei,earthquake,Bollettino
53793,2026-07-31 17:55:02.299,40.823333,14.141167,0.63,0.8,0.3,flegrei,earthquake,Bollettino
54354,2026-07-31 17:55:17.519,,,,,,flegrei,earthquake,Bollettino
54355,2026-07-31 17:55:46.099,,,,-0.3,0.3,flegrei,earthquake,Bollettino
54356,2026-07-31 17:56:06.609,,,,,,flegrei,earthquake,Bollettino
54357,2026-07-31 17:56:15.67,,,,-0.3,0.3,flegrei,earthquake,Bollettino
53794,2026-07-31 17:56:23.589,40.8255,14.140167,0.77,-0.1,0.3,flegrei,earthquake,Bollettino
53795,2026-07-31 17:56:42.22,40.829333,14.133833,2.53,1.2,0.3,flegrei,earthquake,Bollettino
54358,2026-07-31 17:57:10.259,,,,-0.1,0.3,flegrei,earthquake,Bollettino
53796,2026-07-31 17:57:18.789,,,,,,flegrei,earthquake,Bollettino
54359,2026-07-31 17:57:42.359,,,,,,flegrei,earthquake,Bollettino
54360,2026-07-31 17:57:46.529,,,,-0.3,0.3,flegrei,earthquake,Bollettino
54361,2026-07-31 17:57:53.99,,,,-0.3,0.3,flegrei,earthquake,Bollettino
54362,2026-07-31 17:58:07.14,,,,-0.3,0.3,flegrei,earthquake,Bollettino
53797,2026-07-31 17:58:15.64,40.828833,14.132333,1.44,0.1,0.3,flegrei,earthquake,Bollettino
53798,2026-07-31 17:58:49.43,,,,,,flegrei,earthquake,Bollettino
54363,2026-07-31 17:59:31.93,,,,,,flegrei,earthquake,Bollettino
53819,2026-07-31 17:59:53.93,40.8385,14.146167,1.96,1,0.3,flegrei,earthquake,Bollettino
53800,2026-07-31 18:00:24.94,,,,,,flegrei,earthquake,Bollettino
53801,2026-07-31 18:00:50.769,40.823,14.131833,0.5,1.7,0.3,flegrei,earthquake,Bollettino
53802,2026-07-31 18:02:03.029,,,,,,flegrei,earthquake,Bollettino
54365,2026-07-31 18:02:07.93,,,,-0.1,0.3,flegrei,earthquake,Bollettino
54366,2026-07-31 18:02:30.329,,,,,,flegrei,earthquake,Bollettino
54367,2026-07-31 18:02:46.779,,,,0.2,0.3,flegrei,earthquake,Bollettino
54368,2026-07-31 18:02:52.71,40.822167,14.136167,1.82,0.4,0.3,flegrei,earthquake,Bollettino
53803,2026-07-31 18:03:32.19,40.838833,14.144833,1.84,1,0.3,flegrei,earthquake,Bollettino
54369,2026-07-31 18:03:50.63,,,,-0.1,0.3,flegrei,earthquake,Bollettino
54370,2026-07-31 18:04:21.299,,,,,,flegrei,earthquake,Bollettino
54374,2026-07-31 18:04:52.359,,,,,,flegrei,earthquake,Bollettino
54375,2026-07-31 18:05:03.519,,,,-0.1,0.3,flegrei,earthquake,Bollettino
53804,2026-07-31 18:05:12.589,40.824667,14.1425,1.4,,,flegrei,earthquake,Bollettino
54376,2026-07-31 18:05:28.109,,,,0.1,0.3,flegrei,earthquake,Bollettino
54377,2026-07-31 18:06:07.509,,,,,,flegrei,earthquake,Bollettino
53805,2026-07-31 18:06:16.789,,,,,,flegrei,earthquake,Bollettino
54378,2026-07-31 18:07:20.89,40.8295,14.117667,1.69,0.1,0.3,flegrei,earthquake,Bollettino
53806,2026-07-31 18:07:55.329,40.821333,14.128,0.92,0.4,0.3,flegrei,earthquake,Bollettino
53807,2026-07-31 18:08:26.46,,,,,,flegrei,earthquake,Bollettino
54379,2026-07-31 18:08:29.269,40.8255,14.1505,1.2,,,flegrei,earthquake,Bollettino
54380,2026-07-31 18:08:32.319,40.825,14.149,1.04,0.7,0.3,flegrei,earthquake,Bollettino
53809,2026-07-31 18:09:16.859,40.8235,14.1405,1.14,0.7,0.3,flegrei,earthquake,Bollettino
54381,2026-07-31 18:10:20.849,,,,-0.5,0.3,flegrei,earthquake,Bollettino
54382,2026-07-31 18:10:51.309,,,,,,flegrei,earthquake,Bollettino
54383,2026-07-31 18:11:12.259,,,,,,flegrei,earthquake,Bollettino
54384,2026-07-31 18:11:29.67,,,,-0.3,0.3,flegrei,earthquake,Bollettino
54385,2026-07-31 18:11:42.829,,,,-0.5,0.3,flegrei,earthquake,Bollettino
54386,2026-07-31 18:12:14.42,,,,,,flegrei,earthquake,Bollettino
54387,2026-07-31 18:12:38.4,,,,-0.3,0.3,flegrei,earthquake,Bollettino
53810,2026-07-31 18:13:19.069,,,,,,flegrei,earthquake,Bollettino
54388,2026-07-31 18:13:28.7,,,,0.1,0.3,flegrei,earthquake,Bollettino
53811,2026-07-31 18:14:35.069,40.820333,14.138167,1.34,0.2,0.3,flegrei,earthquake,Bollettino
54389,2026-07-31 18:14:46.039,40.837167,14.148667,1.46,0.2,0.3,flegrei,earthquake,Bollettino
54390,2026-07-31 18:15:17.329,,,,,,flegrei,earthquake,Bollettino
53812,2026-07-31 18:15:35.65,40.8215,14.138,1.41,0.2,0.3,flegrei,earthquake,Bollettino
53830,2026-07-31 18:15:46.019,40.829,14.142,1.08,0.6,0.3,flegrei,earthquake,Bollettino
53813,2026-07-31 18:16:05.539,40.821667,14.129,1.63,0.9,0.3,flegrei,earthquake,Bollettino
54391,2026-07-31 18:16:23.73,,,,0.1,0.3,flegrei,earthquake,Bollettino
54392,2026-07-31 18:18:26.48,,,,,,flegrei,earthquake,Bollettino
53814,2026-07-31 18:18:32.25,40.823167,14.146667,1.26,1.1,0.3,flegrei,earthquake,Bollettino
54393,2026-07-31 18:19:12.91,,,,,,flegrei,earthquake,Bollettino
54394,2026-07-31 18:19:51.289,,,,,,flegrei,earthquake,Bollettino
54395,2026-07-31 18:20:13.22,,,,-0.1,0.3,flegrei,earthquake,Bollettino
54396,2026-07-31 18:21:03.44,,,,,,flegrei,earthquake,Bollettino
54397,2026-07-31 18:22:23.67,,,,-0.1,0.3,flegrei,earthquake,Bollettino
53816,2026-07-31 18:22:43.88,,,,,,flegrei,earthquake,Bollettino
54398,2026-07-31 18:22:52.769,,,,,,flegrei,earthquake,Bollettino
54399,2026-07-31 18:23:20.5,,,,,,flegrei,earthquake,Bollettino
53817,2026-07-31 18:25:18.18,40.824333,14.140333,1.29,1.1,0.3,flegrei,earthquake,Bollettino
54401,2026-07-31 18:26:12.4,,,,-0.5,0.3,flegrei,earthquake,Bollettino
54402,2026-07-31 18:27:00.269,,,,-0.1,0.3,flegrei,earthquake,Bollettino
54624,2026-07-31 18:28:31.569,,,,-0.3,0.3,flegrei,earthquake,Bollettino
54625,2026-07-31 18:28:48.359,,,,,,flegrei,earthquake,Bollettino
54626,2026-07-31 18:31:23.44,,,,-0.3,0.3,flegrei,earthquake,Bollettino
54627,2026-07-31 18:32:16.069,,,,-0.1,0.3,flegrei,earthquake,Bollettino
54628,2026-07-31 18:32:58.5,,,,-0.5,0.3,flegrei,earthquake,Bollettino
54629,2026-07-31 18:34:17.299,,,,,,flegrei,earthquake,Bollettino
54630,2026-07-31 18:34:40.509,40.828,14.132,1.75,0.1,0.3,flegrei,earthquake,Bollettino
54631,2026-07-31 18:35:12.13,40.830833,14.108,1.9,0.4,0.3,flegrei,earthquake,Bollettino
54632,2026-07-31 18:36:10.819,40.829167,14.137667,2.57,0.1,0.3,flegrei,earthquake,Bollettino
54633,2026-07-31 18:36:31.789,,,,,,flegrei,earthquake,Bollettino
54634,2026-07-31 18:38:20.93,,,,,,flegrei,earthquake,Bollettino
54635,2026-07-31 18:41:04.109,,,,-0.3,0.3,flegrei,earthquake,Bollettino
54636,2026-07-31 18:41:14.869,,,,-0.1,0.3,flegrei,earthquake,Bollettino
54637,2026-07-31 18:41:51,,,,-0.1,0.3,flegrei,earthquake,Bollettino
53820,2026-07-31 18:42:20.2,,,,,,flegrei,earthquake,Bollettino
54414,2026-07-31 18:42:24.71,,,,,,flegrei,earthquake,Bollettino
54415,2026-07-31 18:42:28.25,,,,-0.5,0.3,flegrei,earthquake,Bollettino
53910,2026-07-31 18:42:47.94,40.821167,14.136333,0.82,0.5,0.3,flegrei,earthquake,Bollettino
54416,2026-07-31 18:43:04.41,,,,-0.3,0.3,flegrei,earthquake,Bollettino
53821,2026-07-31 18:43:17.68,40.821167,14.137833,0.94,0.9,0.3,flegrei,earthquake,Bollettino
54139,2026-07-31 18:43:33.109,40.8305,14.105833,1.91,0.2,0.3,flegrei,earthquake,Bollettino
53823,2026-07-31 18:44:17.119,,,,,,flegrei,earthquake,Bollettino
54417,2026-07-31 18:44:19.119,,,,,,flegrei,earthquake,Bollettino
54418,2026-07-31 18:44:22.18,,,,,,flegrei,earthquake,Bollettino
53824,2026-07-31 18:44:42.74,,,,,,flegrei,earthquake,Bollettino
53825,2026-07-31 18:45:08.039,,,,,,flegrei,earthquake,Bollettino
53826,2026-07-31 18:45:45.67,40.821167,14.135167,1.23,-0.3,0.3,flegrei,earthquake,Bollettino
54419,2026-07-31 18:45:56.329,,,,-0.1,0.3,flegrei,earthquake,Bollettino
54420,2026-07-31 18:46:07.67,,,,-0.8,0.3,flegrei,earthquake,Bollettino
54421,2026-07-31 18:46:12.46,,,,,,flegrei,earthquake,Bollettino
53827,2026-07-31 18:46:32.44,,,,-0.5,0.3,flegrei,earthquake,Bollettino
54422,2026-07-31 18:46:40.47,40.820667,14.135167,1.06,-0.1,0.3,flegrei,earthquake,Bollettino
54423,2026-07-31 18:47:17.839,,,,-0.5,0.3,flegrei,earthquake,Bollettino
54424,2026-07-31 18:47:24.45,,,,,,flegrei,earthquake,Bollettino
54425,2026-07-31 18:47:44.44,40.8165,14.136167,1.27,,,flegrei,earthquake,Bollettino
54441,2026-07-31 18:48:10.93,40.825333,14.126,1.79,-0.1,0.3,flegrei,earthquake,Bollettino
54442,2026-07-31 18:48:38.349,,,,-1.1,0.3,flegrei,earthquake,Bollettino
53829,2026-07-31 18:48:45.809,40.826333,14.148167,1.31,0.6,0.3,flegrei,earthquake,Bollettino
54443,2026-07-31 18:49:48.059,40.824833,14.142833,1.65,-0.3,0.3,flegrei,earthquake,Bollettino
54444,2026-07-31 18:49:56.16,,,,,,flegrei,earthquake,Bollettino
53837,2026-07-31 18:49:58.46,40.828667,14.105833,2.4,1.4,0.3,flegrei,earthquake,Bollettino
53831,2026-07-31 18:51:32.66,,,,-0.1,0.3,flegrei,earthquake,Bollettino
54445,2026-07-31 18:52:15.089,40.824,14.142333,1.46,-0.1,0.3,flegrei,earthquake,Bollettino
54446,2026-07-31 18:52:27.049,40.824167,14.142833,1.06,0.1,0.3,flegrei,earthquake,Bollettino
53832,2026-07-31 18:53:38.369,,,,-0.5,0.3,flegrei,earthquake,Bollettino
53833,2026-07-31 18:53:44.23,40.825,14.1295,1.48,0.2,0.3,flegrei,earthquake,Bollettino
53834,2026-07-31 18:54:01.5,,,,,,flegrei,earthquake,Bollettino
54447,2026-07-31 18:54:08.279,40.822,14.136833,1.36,-0.1,0.3,flegrei,earthquake,Bollettino
54448,2026-07-31 18:54:20.599,40.825,14.129833,1.64,0.9,0.3,flegrei,earthquake,Bollettino
53828,2026-07-31 18:57:32.579,40.829833,14.106167,2.62,3.1,0.3,flegrei,earthquake,Bollettino
53838,2026-07-31 18:59:58.73,40.829833,14.11,2.19,1.3,0.3,flegrei,earthquake,Bollettino
53839,2026-07-31 19:00:39.069,40.830667,14.111333,2.57,0.4,0.3,flegrei,earthquake,Bollettino
53854,2026-07-31 19:01:10.369,40.827333,14.140167,1.56,0.4,0.3,flegrei,earthquake,Bollettino
53880,2026-07-31 19:01:28.099,40.828333,14.111333,1.93,0.2,0.3,flegrei,earthquake,Bollettino
53857,2026-07-31 19:01:48.059,40.822833,14.132167,2.61,1,0.3,flegrei,earthquake,Bollettino
53843,2026-07-31 19:02:58.079,,,,,,flegrei,earthquake,Bollettino
53844,2026-07-31 19:03:14.39,40.829667,14.140167,1.29,0.4,0.3,flegrei,earthquake,Bollettino
53845,2026-07-31 19:03:23.829,40.830833,14.104167,1.82,0.9,0.3,flegrei,earthquake,Bollettino
53846,2026-07-31 19:05:10.68,40.829167,14.138167,2.59,-0.1,0.3,flegrei,earthquake,Bollettino
53847,2026-07-31 19:06:26.71,40.821833,14.142333,0.83,-0.5,0.3,flegrei,earthquake,Bollettino
53866,2026-07-31 19:07:04.75,40.822833,14.127667,1.42,1,0.3,flegrei,earthquake,Bollettino
54137,2026-07-31 19:08:51.73,40.8315,14.144333,2.07,-0.1,0.3,flegrei,earthquake,Bollettino
53849,2026-07-31 19:13:08.299,,,,,,flegrei,earthquake,Bollettino
53850,2026-07-31 19:13:54.049,40.829833,14.105,2.33,0.9,0.3,flegrei,earthquake,Bollettino
53851,2026-07-31 19:14:43.41,40.831667,14.107167,2.37,,,flegrei,earthquake,Bollettino
53852,2026-07-31 19:14:55.23,40.8325,14.104333,2.11,,,flegrei,earthquake,Bollettino
53853,2026-07-31 19:16:05.579,40.821333,14.120333,2.21,0.9,0.3,flegrei,earthquake,Bollettino
53855,2026-07-31 19:18:23.809,40.843167,14.136833,1.6,0.1,0.3,flegrei,earthquake,Bollettino
54516,2026-07-31 19:18:58.759,,,,-0.5,0.3,flegrei,earthquake,Bollettino
53856,2026-07-31 19:19:18.539,,,,,,flegrei,earthquake,Bollettino
53859,2026-07-31 19:20:03.96,40.821333,14.125,1.73,-0.8,0.3,flegrei,earthquake,Bollettino
53878,2026-07-31 19:20:36.049,40.827,14.144,2.22,0.8,0.3,flegrei,earthquake,Bollettino
53861,2026-07-31 19:22:07.74,,,,,,flegrei,earthquake,Bollettino
54517,2026-07-31 19:22:10.559,,,,-0.3,0.3,flegrei,earthquake,Bollettino
54518,2026-07-31 19:22:19.75,,,,-0.5,0.3,flegrei,earthquake,Bollettino
54519,2026-07-31 19:22:48.789,,,,-0.1,0.3,flegrei,earthquake,Bollettino
53862,2026-07-31 19:23:51.549,,,,,,flegrei,earthquake,Bollettino
53863,2026-07-31 19:25:00.509,,,,-0.1,0.3,flegrei,earthquake,Bollettino
53864,2026-07-31 19:25:29.869,40.829833,14.106833,2.29,1.9,0.3,flegrei,earthquake,Bollettino
53867,2026-07-31 19:29:59.16,,,,-0.5,0.3,flegrei,earthquake,Bollettino
53868,2026-07-31 19:31:17.049,,,,-0.3,0.3,flegrei,earthquake,Bollettino
53869,2026-07-31 19:32:02.97,40.823,14.146833,1.32,-0.1,0.3,flegrei,earthquake,Bollettino
53870,2026-07-31 19:32:15.42,,,,-0.5,0.3,flegrei,earthquake,Bollettino
53871,2026-07-31 19:32:23.329,40.835667,14.150667,2.4,0.1,0.3,flegrei,earthquake,Bollettino
53872,2026-07-31 19:33:00.579,,,,-0.8,0.3,flegrei,earthquake,Bollettino
53873,2026-07-31 19:33:15.42,,,,-0.5,0.3,flegrei,earthquake,Bollettino
54520,2026-07-31 19:33:23.609,40.8315,14.140167,2.31,0.5,0.3,flegrei,earthquake,Bollettino
53874,2026-07-31 19:38:09.74,40.826833,14.132333,2.44,0.8,0.3,flegrei,earthquake,Bollettino
53875,2026-07-31 19:38:48.349,,,,,,flegrei,earthquake,Bollettino
53876,2026-07-31 19:40:16.97,,,,,,flegrei,earthquake,Bollettino
53877,2026-07-31 19:45:28.48,,,,,,flegrei,earthquake,Bollettino
53879,2026-07-31 19:51:28.119,40.821167,14.133333,0.79,1.2,0.3,flegrei,earthquake,Bollettino
54532,2026-07-31 19:57:17.9,,,,-0.1,0.3,flegrei,earthquake,Bollettino
53881,2026-07-31 19:59:06.779,,,,,,flegrei,earthquake,Bollettino
53882,2026-07-31 19:59:55.41,,,,,,flegrei,earthquake,Bollettino
53883,2026-07-31 20:00:09.109,40.8285,14.105167,2.62,3.8,0.3,flegrei,earthquake,Bollettino
54638,2026-07-31 20:01:39.67,40.830333,14.104333,1.86,0.5,0.3,flegrei,earthquake,Bollettino
53884,2026-07-31 20:02:46.94,40.829333,14.115833,2.77,1.7,0.3,flegrei,earthquake,Bollettino
53885,2026-07-31 20:03:21.549,40.828667,14.116333,1.83,0.7,0.3,flegrei,earthquake,Bollettino
54639,2026-07-31 20:03:50.509,40.824833,14.114167,2.43,0.5,0.3,flegrei,earthquake,Bollettino
53901,2026-07-31 20:04:41.42,40.827333,14.108167,1.73,1.6,0.3,flegrei,earthquake,Bollettino
54640,2026-07-31 20:05:11.799,,,,,,flegrei,earthquake,Bollettino
54052,2026-07-31 20:06:01.98,40.83,14.1475,2.32,0.4,0.3,flegrei,earthquake,Bollettino
54641,2026-07-31 20:07:06.48,,,,,,flegrei,earthquake,Bollettino
54642,2026-07-31 20:07:10.519,,,,-0.3,0.3,flegrei,earthquake,Bollettino
53888,2026-07-31 20:07:49.75,,,,-0.1,0.3,flegrei,earthquake,Bollettino
53889,2026-07-31 20:09:16.869,,,,-0.1,0.3,flegrei,earthquake,Bollettino
53890,2026-07-31 20:09:33.95,40.824667,14.146333,1.02,0.1,0.3,flegrei,earthquake,Bollettino
54055,2026-07-31 20:09:57.15,40.841833,14.140833,1.12,0.2,0.3,flegrei,earthquake,Bollettino
54643,2026-07-31 20:10:44.41,,,,,,flegrei,earthquake,Bollettino
53892,2026-07-31 20:14:37.42,40.821667,14.138167,0.26,1.9,0.3,flegrei,earthquake,Bollettino
53893,2026-07-31 20:15:29.44,,,,0.1,0.3,flegrei,earthquake,Bollettino
53894,2026-07-31 20:16:58.24,40.819333,14.1395,1.76,0.4,0.3,flegrei,earthquake,Bollettino
53895,2026-07-31 20:17:26.759,40.8175,14.134833,1.74,0.4,0.3,flegrei,earthquake,Bollettino
53896,2026-07-31 20:18:56.38,,,,,,flegrei,earthquake,Bollettino
53897,2026-07-31 20:21:00.559,,,,-0.1,0.3,flegrei,earthquake,Bollettino
54644,2026-07-31 20:21:42.269,40.836833,14.133,0.83,0.1,0.3,flegrei,earthquake,Bollettino
53915,2026-07-31 20:24:20.829,40.829833,14.140167,2.34,1.4,0.3,flegrei,earthquake,Bollettino
54053,2026-07-31 20:25:20.359,40.820333,14.139333,1.51,0.4,0.3,flegrei,earthquake,Bollettino
54050,2026-07-31 20:25:39.569,40.821333,14.138,0.98,0.5,0.3,flegrei,earthquake,Bollettino
53899,2026-07-31 20:26:08.69,40.822167,14.136667,0.97,1,0.3,flegrei,earthquake,Bollettino
54645,2026-07-31 20:29:22.559,,,,-0.3,0.3,flegrei,earthquake,Bollettino
53900,2026-07-31 20:29:33.15,40.8255,14.1325,1.48,0.1,0.3,flegrei,earthquake,Bollettino
54646,2026-07-31 20:30:51.13,,,,-0.1,0.3,flegrei,earthquake,Bollettino
54647,2026-07-31 20:32:26.599,,,,-0.3,0.3,flegrei,earthquake,Bollettino
53902,2026-07-31 20:34:05.299,40.822833,14.125833,1.81,0.9,0.3,flegrei,earthquake,Bollettino
53904,2026-07-31 20:34:41.759,40.822167,14.1355,0.9,1,0.3,flegrei,earthquake,Bollettino
54312,2026-07-31 20:35:10.99,,,,-0.1,0.3,flegrei,earthquake,Bollettino
53905,2026-07-31 20:35:50.22,40.822,14.136667,0.91,0.9,0.3,flegrei,earthquake,Bollettino
53907,2026-07-31 20:36:43.64,40.823167,14.138833,1.81,1.7,0.3,flegrei,earthquake,Bollettino
54313,2026-07-31 20:38:27.18,40.818667,14.1295,0.69,0.5,0.3,flegrei,earthquake,Bollettino
54314,2026-07-31 20:40:35.23,,,,0.1,0.3,flegrei,earthquake,Bollettino
54315,2026-07-31 20:40:59.289,,,,-0.3,0.3,flegrei,earthquake,Bollettino
54316,2026-07-31 20:41:21.64,,,,-0.3,0.3,flegrei,earthquake,Bollettino
53911,2026-07-31 20:53:02.16,40.819,14.130833,0.95,1.3,0.3,flegrei,earthquake,Bollettino
53928,2026-07-31 20:54:05.119,40.842667,14.124,1.68,0.2,0.3,flegrei,earthquake,Bollettino
53913,2026-07-31 20:55:22.539,40.823333,14.138,1.47,1.3,0.3,flegrei,earthquake,Bollettino
53914,2026-07-31 20:57:08.869,40.8235,14.129667,1.47,0.6,0.3,flegrei,earthquake,Bollettino
53916,2026-07-31 21:00:27.799,40.819333,14.1285,0.56,0.4,0.3,flegrei,earthquake,Bollettino
53917,2026-07-31 21:07:54.14,40.822833,14.125833,1.81,0.9,0.3,flegrei,earthquake,Bollettino
54345,2026-07-31 21:08:41.099,40.819833,14.130667,0.82,0.6,0.3,flegrei,earthquake,Bollettino
53918,2026-07-31 21:12:47,40.821833,14.1355,0.87,0.5,0.3,flegrei,earthquake,Bollettino
53919,2026-07-31 21:17:15.97,40.825,14.126333,2.23,0.7,0.3,flegrei,earthquake,Bollettino
54346,2026-07-31 21:19:06.38,,,,,,flegrei,earthquake,Bollettino
53920,2026-07-31 21:19:15.45,,,,,,flegrei,earthquake,Bollettino
54347,2026-07-31 21:19:19.45,,,,-0.8,0.3,flegrei,earthquake,Bollettino
54348,2026-07-31 21:21:16.14,,,,-0.5,0.3,flegrei,earthquake,Bollettino
53921,2026-07-31 21:22:26.529,40.825833,14.128833,2.46,1.7,0.3,flegrei,earthquake,Bollettino
53922,2026-07-31 21:24:43.49,,,,,,flegrei,earthquake,Bollettino
54064,2026-07-31 21:28:08.559,40.8195,14.143,0.28,0.1,0.3,flegrei,earthquake,Bollettino
53923,2026-07-31 21:28:35.609,40.827333,14.141833,1.96,-0.1,0.3,flegrei,earthquake,Bollettino
53925,2026-07-31 21:34:47.23,40.826333,14.149,1.55,2.7,0.3,flegrei,earthquake,Bollettino
53926,2026-07-31 21:35:39.059,40.827,14.149,1.68,3.1,0.3,flegrei,earthquake,Bollettino
54349,2026-07-31 21:36:12.579,,,,-0.5,0.3,flegrei,earthquake,Bollettino
53927,2026-07-31 21:37:25.99,40.8255,14.148333,1.43,-0.3,0.3,flegrei,earthquake,Bollettino
53929,2026-07-31 21:38:11.75,,,,-0.5,0.3,flegrei,earthquake,Bollettino
53930,2026-07-31 21:38:22.539,,,,,,flegrei,earthquake,Bollettino
53931,2026-07-31 21:38:50.39,,,,,,flegrei,earthquake,Bollettino
53932,2026-07-31 21:39:12.299,40.826,14.150667,0.97,0.7,0.3,flegrei,earthquake,Bollettino
53967,2026-07-31 21:39:18.73,40.823333,14.143667,1.21,0.4,0.3,flegrei,earthquake,Bollettino
53963,2026-07-31 21:39:28.769,40.826333,14.155167,1.37,0.4,0.3,flegrei,earthquake,Bollettino
53933,2026-07-31 21:40:22.69,,,,-0.5,0.3,flegrei,earthquake,Bollettino
53934,2026-07-31 21:40:37.609,,,,-0.3,0.3,flegrei,earthquake,Bollettino
53946,2026-07-31 21:41:30.43,40.826167,14.149,1.31,0.6,0.3,flegrei,earthquake,Bollettino
53959,2026-07-31 21:43:20.289,40.824667,14.154667,1.54,0.1,0.3,flegrei,earthquake,Bollettino
53936,2026-07-31 21:43:32.48,,,,-0.3,0.3,flegrei,earthquake,Bollettino
53937,2026-07-31 21:43:58.079,,,,,,flegrei,earthquake,Bollettino
53938,2026-07-31 21:44:59.45,,,,,,flegrei,earthquake,Bollettino
53939,2026-07-31 21:45:35.349,,,,,,flegrei,earthquake,Bollettino
53940,2026-07-31 21:46:38.15,40.825667,14.15,1.61,1.2,0.3,flegrei,earthquake,Bollettino
53941,2026-07-31 21:48:06.589,40.826,14.150667,1.24,0.5,0.3,flegrei,earthquake,Bollettino
53942,2026-07-31 21:49:25.059,,,,-0.3,0.3,flegrei,earthquake,Bollettino
53943,2026-07-31 21:49:49.069,,,,-0.8,0.3,flegrei,earthquake,Bollettino
53944,2026-07-31 21:51:16.329,,,,-0.8,0.3,flegrei,earthquake,Bollettino
53945,2026-07-31 21:51:39.4,40.829333,14.146333,2.37,-0.1,0.3,flegrei,earthquake,Bollettino
53947,2026-07-31 21:57:39.95,40.822,14.132333,0.53,0.6,0.3,flegrei,earthquake,Bollettino
53948,2026-07-31 21:59:38.89,40.824333,14.148167,1.4,0.7,0.3,flegrei,earthquake,Bollettino
53949,2026-07-31 22:00:01.91,40.8245,14.148,1.34,-0.5,0.3,flegrei,earthquake,Bollettino
53950,2026-07-31 22:00:31.059,40.8215,14.127833,1.77,0.9,0.3,flegrei,earthquake,Bollettino
53951,2026-07-31 22:00:54.45,,,,,,flegrei,earthquake,Bollettino
53952,2026-07-31 22:01:41.24,40.824167,14.144333,1.43,0.4,0.3,flegrei,earthquake,Bollettino
53953,2026-07-31 22:03:29.089,40.822833,14.126833,1.82,1.4,0.3,flegrei,earthquake,Bollettino
53954,2026-07-31 22:10:09.109,40.826833,14.144167,0.93,0.1,0.3,flegrei,earthquake,Bollettino
53955,2026-07-31 22:12:38.45,40.824,14.149,1.48,-0.1,0.3,flegrei,earthquake,Bollettino
53956,2026-07-31 22:14:55.91,40.821167,14.1365,0.65,0.4,0.3,flegrei,earthquake,Bollettino
53957,2026-07-31 22:15:44.24,40.826,14.146833,1.03,0.9,0.3,flegrei,earthquake,Bollettino
53958,2026-07-31 22:15:55.24,,,,-0.3,0.3,flegrei,earthquake,Bollettino
53960,2026-07-31 22:17:57.029,,,,,,flegrei,earthquake,Bollettino
53961,2026-07-31 22:18:51.2,,,,,,flegrei,earthquake,Bollettino
53962,2026-07-31 22:20:25.46,,,,-0.5,0.3,flegrei,earthquake,Bollettino
53964,2026-07-31 22:22:14.769,,,,-0.5,0.3,flegrei,earthquake,Bollettino
54437,2026-07-31 22:24:11.38,,,,,,flegrei,earthquake,Bollettino
54438,2026-07-31 22:24:17.069,,,,-0.5,0.3,flegrei,earthquake,Bollettino
53966,2026-07-31 22:24:47.68,40.831,14.148167,1.43,-0.1,0.3,flegrei,earthquake,Bollettino
53965,2026-07-31 22:25:12.599,40.821167,14.124,2.21,0.1,0.3,flegrei,earthquake,Bollettino
53968,2026-07-31 22:27:11.819,40.826833,14.147333,1.81,1.3,0.3,flegrei,earthquake,Bollettino
54439,2026-07-31 22:31:02.839,40.822333,14.141,0.57,0.2,0.3,flegrei,earthquake,Bollettino
53974,2026-07-31 22:32:04.72,40.8255,14.152833,1.29,0.2,0.3,flegrei,earthquake,Bollettino
53970,2026-07-31 22:35:42,40.825,14.159,1.56,-0.3,0.3,flegrei,earthquake,Bollettino
53971,2026-07-31 22:36:25.68,40.8255,14.153167,1.52,0.4,0.3,flegrei,earthquake,Bollettino
53972,2026-07-31 22:37:44.23,,,,,,flegrei,earthquake,Bollettino
53973,2026-07-31 22:37:55.66,,,,,,flegrei,earthquake,Bollettino
53976,2026-07-31 22:39:08.97,40.825,14.147,1.12,0.9,0.3,flegrei,earthquake,Bollettino
53977,2026-07-31 22:40:04.049,40.820333,14.134167,0.71,0.2,0.3,flegrei,earthquake,Bollettino
53978,2026-07-31 22:41:03.759,40.826333,14.156,1.6,0.4,0.3,flegrei,earthquake,Bollettino
53979,2026-07-31 22:42:21.609,40.822833,14.149,1.21,-0.1,0.3,flegrei,earthquake,Bollettino
53988,2026-07-31 22:43:02.619,40.824667,14.149,1.62,0.1,0.3,flegrei,earthquake,Bollettino
53980,2026-07-31 22:44:11.619,,,,-0.3,0.3,flegrei,earthquake,Bollettino
53981,2026-07-31 22:45:26,40.817833,14.149,0.9,0.1,0.3,flegrei,earthquake,Bollettino
53982,2026-07-31 22:49:43.65,,,,-0.8,0.3,flegrei,earthquake,Bollettino
53985,2026-07-31 22:50:58.47,40.819333,14.1435,0.23,0.8,0.3,flegrei,earthquake,Bollettino
53983,2026-07-31 22:53:29.96,40.840333,14.140833,1.45,0.5,0.3,flegrei,earthquake,Bollettino
53989,2026-07-31 22:57:38.759,,,,-0.3,0.3,flegrei,earthquake,Bollettino
53987,2026-07-31 23:01:27.509,40.818333,14.139833,0.26,2.3,0.3,flegrei,earthquake,Bollettino
53990,2026-07-31 23:04:27.339,,,,-0.3,0.3,flegrei,earthquake,Bollettino
53992,2026-07-31 23:05:53.42,40.8225,14.142333,0.35,0.4,0.3,flegrei,earthquake,Bollettino
53993,2026-07-31 23:08:40.029,40.820333,14.141167,0.27,0.7,0.3,flegrei,earthquake,Bollettino
53991,2026-07-31 23:09:37.64,40.831,14.1215,2.67,0.1,0.3,flegrei,earthquake,Bollettino
54452,2026-07-31 23:10:55.319,,,,-0.5,0.3,flegrei,earthquake,Bollettino
53994,2026-07-31 23:13:05.16,40.819,14.142667,0.46,0.8,0.3,flegrei,earthquake,Bollettino
54036,2026-07-31 23:14:20.42,40.819333,14.144667,0.33,0.7,0.3,flegrei,earthquake,Bollettino
54007,2026-07-31 23:14:41.609,40.820167,14.144333,0.33,1.1,0.3,flegrei,earthquake,Bollettino
54043,2026-07-31 23:19:43.97,40.819333,14.142333,0.55,0.8,0.3,flegrei,earthquake,Bollettino
54002,2026-07-31 23:20:13.25,40.818,14.143333,0.24,3.1,0.3,flegrei,earthquake,Bollettino
53996,2026-07-31 23:23:21.69,40.818333,14.142333,0.39,2.7,0.3,flegrei,earthquake,Bollettino
54039,2026-07-31 23:24:33.319,,,,-0.3,0.3,flegrei,earthquake,Bollettino
54045,2026-07-31 23:24:53.529,,,,-0.3,0.3,flegrei,earthquake,Bollettino
54044,2026-07-31 23:25:08.269,40.820333,14.146167,0.5,1,0.3,flegrei,earthquake,Bollettino
54015,2026-07-31 23:28:58.859,40.819333,14.1415,0.17,0.9,0.3,flegrei,earthquake,Bollettino
53997,2026-07-31 23:29:45.46,,,,,,flegrei,earthquake,Bollettino
53998,2026-07-31 23:29:59.269,40.8295,14.150667,2.46,1.5,0.3,flegrei,earthquake,Bollettino
54457,2026-07-31 23:33:09.96,,,,,,flegrei,earthquake,Bollettino
53999,2026-07-31 23:33:16.269,40.824167,14.129667,1.84,1.3,0.3,flegrei,earthquake,Bollettino
54000,2026-07-31 23:33:53.599,,,,,,flegrei,earthquake,Bollettino
54003,2026-07-31 23:35:56.41,40.818667,14.142333,0.24,2.6,0.3,flegrei,earthquake,Bollettino
54004,2026-07-31 23:37:45.96,40.820333,14.139833,0.34,0.2,0.3,flegrei,earthquake,Bollettino
54005,2026-07-31 23:39:09.569,40.825333,14.148833,1.34,0.1,0.3,flegrei,earthquake,Bollettino
54460,2026-07-31 23:39:46.14,,,,-0.5,0.3,flegrei,earthquake,Bollettino
54461,2026-07-31 23:40:07.309,,,,-0.1,0.3,flegrei,earthquake,Bollettino
54008,2026-07-31 23:42:15.539,40.824333,14.151167,1.31,-0.3,0.3,flegrei,earthquake,Bollettino
54009,2026-07-31 23:43:47.869,40.824,14.131167,1.8,0.5,0.3,flegrei,earthquake,Bollettino
54011,2026-07-31 23:56:42.71,40.846167,14.134667,2.24,0.2,0.3,flegrei,earthquake,Bollettino
54012,2026-08-01 00:00:01.17,40.821167,14.117833,1.87,0.5,0.3,flegrei,earthquake,Bollettino
54032,2026-08-01 00:02:01.2,,,,,,flegrei,earthquake,Bollettino
54013,2026-08-01 00:03:19.309,40.823,14.131167,2.15,0.4,0.3,flegrei,earthquake,Bollettino
54014,2026-08-01 00:04:35.569,40.823833,14.149,1.59,1.4,0.3,flegrei,earthquake,Bollettino
54030,2026-08-01 00:04:46.099,40.825,14.151667,1.66,1.4,0.3,flegrei,earthquake,Bollettino
54017,2026-08-01 00:07:23.46,40.825833,14.149333,1.62,2.4,0.3,flegrei,earthquake,Bollettino
54025,2026-08-01 00:07:31.849,40.827333,14.149,1.1,2.5,0.3,flegrei,earthquake,Bollettino
54018,2026-08-01 00:09:36.319,40.8245,14.148,0.99,0.8,0.3,flegrei,earthquake,Bollettino
54019,2026-08-01 00:11:27.039,40.824833,14.152167,1.45,-0.3,0.3,flegrei,earthquake,Bollettino
54020,2026-08-01 00:13:46.98,40.824333,14.149,1.22,-0.5,0.3,flegrei,earthquake,Bollettino
54021,2026-08-01 00:14:41.329,,,,-0.8,0.3,flegrei,earthquake,Bollettino
54022,2026-08-01 00:15:39.75,40.829,14.150667,1.67,0.8,0.3,flegrei,earthquake,Bollettino
54023,2026-08-01 00:19:52.519,,,,,,flegrei,earthquake,Bollettino
54028,2026-08-01 00:21:45.15,40.8265,14.1425,2.24,1.1,0.3,flegrei,earthquake,Bollettino
54024,2026-08-01 00:23:33.069,40.821667,14.133833,0.5,1.3,0.3,flegrei,earthquake,Bollettino
54038,2026-08-01 00:26:03.769,40.820333,14.142833,1.36,0.2,0.3,flegrei,earthquake,Bollettino
54027,2026-08-01 00:28:17.849,40.823667,14.149,1.52,-0.3,0.3,flegrei,earthquake,Bollettino
54467,2026-08-01 00:28:25.25,,,,,,flegrei,earthquake,Bollettino
54029,2026-08-01 00:29:41.089,,,,-0.5,0.3,flegrei,earthquake,Bollettino
54034,2026-08-01 00:43:05.16,40.815,14.143167,0.9,0.7,0.3,flegrei,earthquake,Bollettino
54469,2026-08-01 00:44:41.42,,,,-0.5,0.3,flegrei,earthquake,Bollettino
54031,2026-08-01 00:47:15.029,40.821667,14.129833,1.64,0.4,0.3,flegrei,earthquake,Bollettino
54033,2026-08-01 00:48:12.759,,,,-0.1,0.3,flegrei,earthquake,Bollettino
54035,2026-08-01 00:50:38.799,40.818167,14.134,0.56,1.3,0.3,flegrei,earthquake,Bollettino
54037,2026-08-01 00:53:10.22,40.825333,14.138667,0.86,0.9,0.3,flegrei,earthquake,Bollettino
54040,2026-08-01 01:09:33.24,40.829,14.148333,2.47,0.4,0.3,flegrei,earthquake,Bollettino
54041,2026-08-01 01:11:23.769,,,,-0.5,0.3,flegrei,earthquake,Bollettino
54042,2026-08-01 01:11:57.009,,,,,,flegrei,earthquake,Bollettino
54048,2026-08-01 01:27:01.079,40.8295,14.140167,2.83,0.6,0.3,flegrei,earthquake,Bollettino
54046,2026-08-01 01:28:13.38,40.822833,14.149,1.83,0.3,0.3,flegrei,earthquake,Bollettino
54047,2026-08-01 01:30:21.24,,,,,,flegrei,earthquake,Bollettino
54049,2026-08-01 01:32:41.099,,,,-0.8,0.3,flegrei,earthquake,Bollettino
54051,2026-08-01 01:36:52.21,40.827333,14.145167,2.36,1.2,0.3,flegrei,earthquake,Bollettino
54054,2026-08-01 01:45:01.39,,,,,,flegrei,earthquake,Bollettino
54471,2026-08-01 01:46:32.99,,,,-0.5,0.3,flegrei,earthquake,Bollettino
54059,2026-08-01 01:48:41.73,40.816833,14.143833,0.25,0.4,0.3,flegrei,earthquake,Bollettino
54060,2026-08-01 01:50:15.349,40.8315,14.140167,2.68,0.5,0.3,flegrei,earthquake,Bollettino
54472,2026-08-01 01:54:23.41,,,,,,flegrei,earthquake,Bollettino
54473,2026-08-01 01:54:41.269,40.832833,14.139667,2.15,-0.1,0.3,flegrei,earthquake,Bollettino
54057,2026-08-01 01:55:34.809,,,,,,flegrei,earthquake,Bollettino
54490,2026-08-01 01:55:41.72,,,,,,flegrei,earthquake,Bollettino
54491,2026-08-01 01:55:44.64,,,,,,flegrei,earthquake,Bollettino
54061,2026-08-01 01:55:50.99,40.8315,14.137167,2.23,1.1,0.3,flegrei,earthquake,Bollettino
54058,2026-08-01 01:59:41.93,,,,,,flegrei,earthquake,Bollettino
54492,2026-08-01 01:59:46.369,40.8315,14.1365,2.09,0.4,0.3,flegrei,earthquake,Bollettino
54062,2026-08-01 02:08:24.859,40.826833,14.157833,1.57,0.3,0.3,flegrei,earthquake,Bollettino
54063,2026-08-01 02:09:57.029,,,,,,flegrei,earthquake,Bollettino
54493,2026-08-01 02:18:52.46,,,,,,flegrei,earthquake,Bollettino
54065,2026-08-01 02:19:35.95,40.823167,14.140167,1.65,-0.3,0.3,flegrei,earthquake,Bollettino
54073,2026-08-01 02:21:34.49,,,,,,flegrei,earthquake,Bollettino
54066,2026-08-01 02:22:27.14,,,,-0.8,0.3,flegrei,earthquake,Bollettino
54072,2026-08-01 02:31:30.49,40.824,14.145167,0.99,0.7,0.3,flegrei,earthquake,Bollettino
54069,2026-08-01 02:32:55.309,40.825667,14.149,1.14,-0.1,0.3,flegrei,earthquake,Bollettino
54070,2026-08-01 02:35:14.049,40.828333,14.111833,2.17,-0.1,0.3,flegrei,earthquake,Bollettino
54071,2026-08-01 02:36:33.69,40.8235,14.1355,0.12,0.2,0.3,flegrei,earthquake,Bollettino
54494,2026-08-01 02:44:50.529,,,,,,flegrei,earthquake,Bollettino
54074,2026-08-01 02:45:21.7,,,,,,flegrei,earthquake,Bollettino
54075,2026-08-01 02:54:37.869,,,,-0.8,0.3,flegrei,earthquake,Bollettino
54076,2026-08-01 02:55:57.47,40.822333,14.140167,0.99,-0.1,0.3,flegrei,earthquake,Bollettino
54077,2026-08-01 03:01:31.819,,,,-0.1,0.3,flegrei,earthquake,Bollettino
54078,2026-08-01 03:18:19.75,40.8315,14.140167,2.11,0.4,0.3,flegrei,earthquake,Bollettino
54080,2026-08-01 03:23:51.96,,,,-0.5,0.3,flegrei,earthquake,Bollettino
54496,2026-08-01 03:24:11.97,,,,-0.3,0.3,flegrei,earthquake,Bollettino
54081,2026-08-01 03:25:54.109,,,,-0.5,0.3,flegrei,earthquake,Bollettino
54083,2026-08-01 03:41:55.24,40.8245,14.142833,0.9,2,0.3,flegrei,earthquake,Bollettino
54085,2026-08-01 03:47:12.68,40.825167,14.1445,1.18,3.1,0.3,flegrei,earthquake,Bollettino
54088,2026-08-01 03:49:26.579,40.825167,14.142333,1.9,3.1,0.3,flegrei,earthquake,Bollettino
54497,2026-08-01 03:50:11.009,,,,-1.1,0.3,flegrei,earthquake,Bollettino
54498,2026-08-01 03:50:19.75,,,,-0.3,0.3,flegrei,earthquake,Bollettino
54089,2026-08-01 03:50:37.64,,,,-0.5,0.3,flegrei,earthquake,Bollettino
54090,2026-08-01 03:51:18.7,,,,-0.8,0.3,flegrei,earthquake,Bollettino
54091,2026-08-01 03:51:32.289,40.8255,14.142167,1.19,0.4,0.3,flegrei,earthquake,Bollettino
54092,2026-08-01 03:52:56.369,40.825667,14.143,1.52,-0.1,0.3,flegrei,earthquake,Bollettino
54093,2026-08-01 03:56:10.68,40.827,14.144667,2.58,0.7,0.3,flegrei,earthquake,Bollettino
54131,2026-08-01 03:56:17.829,40.8215,14.149,1.34,0.9,0.3,flegrei,earthquake,Bollettino
54094,2026-08-01 03:56:44.99,40.826333,14.149,1.8,-0.1,0.3,flegrei,earthquake,Bollettino
54095,2026-08-01 03:57:26.68,,,,-0.5,0.3,flegrei,earthquake,Bollettino
54096,2026-08-01 03:58:37.549,40.8215,14.120333,2.24,0.6,0.3,flegrei,earthquake,Bollettino
54648,2026-08-01 04:00:08.75,,,,,,flegrei,earthquake,Bollettino
54097,2026-08-01 04:01:49.309,,,,-0.3,0.3,flegrei,earthquake,Bollettino
54098,2026-08-01 04:02:03.69,40.825667,14.146833,1.56,0.2,0.3,flegrei,earthquake,Bollettino
54649,2026-08-01 04:03:34.19,,,,-0.3,0.3,flegrei,earthquake,Bollettino
54099,2026-08-01 04:04:16.65,,,,-0.3,0.3,flegrei,earthquake,Bollettino
54100,2026-08-01 04:04:39.599,40.824167,14.147333,0.99,0.5,0.3,flegrei,earthquake,Bollettino
54101,2026-08-01 04:05:10.5,40.824,14.144667,0.93,1.1,0.3,flegrei,earthquake,Bollettino
54650,2026-08-01 04:08:40.799,40.8205,14.144333,0.16,0.2,0.3,flegrei,earthquake,Bollettino
54102,2026-08-01 04:09:46.73,,,,-0.3,0.3,flegrei,earthquake,Bollettino
54651,2026-08-01 04:11:11.9,40.8195,14.144667,0.54,0.6,0.3,flegrei,earthquake,Bollettino
54103,2026-08-01 04:11:30.63,40.820333,14.146,0.56,2.7,0.3,flegrei,earthquake,Bollettino
54652,2026-08-01 04:12:35.92,40.829,14.140167,2.38,0.6,0.3,flegrei,earthquake,Bollettino
54129,2026-08-01 04:12:36.029,40.826,14.144667,2.34,0.4,0.3,flegrei,earthquake,Bollettino
54653,2026-08-01 04:12:54.069,40.821333,14.144667,0.19,0.1,0.3,flegrei,earthquake,Bollettino
54104,2026-08-01 04:13:49.559,,,,-0.5,0.3,flegrei,earthquake,Bollettino
54654,2026-08-01 04:14:09.079,40.8195,14.1435,0.65,0.7,0.3,flegrei,earthquake,Bollettino
54105,2026-08-01 04:14:30.859,40.819667,14.146,0.36,2.4,0.3,flegrei,earthquake,Bollettino
54121,2026-08-01 04:15:25.41,40.819833,14.143,0.38,1.4,0.3,flegrei,earthquake,Bollettino
54655,2026-08-01 04:15:49.009,,,,-0.1,0.3,flegrei,earthquake,Bollettino
54656,2026-08-01 04:16:12.25,,,,-0.1,0.3,flegrei,earthquake,Bollettino
54106,2026-08-01 04:16:22.16,40.820333,14.146,1.23,0.6,0.3,flegrei,earthquake,Bollettino
54657,2026-08-01 04:16:39.839,,,,-0.1,0.3,flegrei,earthquake,Bollettino
54125,2026-08-01 04:16:55.849,40.819833,14.143667,0.59,0.8,0.3,flegrei,earthquake,Bollettino
54124,2026-08-01 04:17:58.99,,,,,,flegrei,earthquake,Bollettino
54107,2026-08-01 04:18:21.75,40.823667,14.142333,1.32,0.2,0.3,flegrei,earthquake,Bollettino
54108,2026-08-01 04:20:08.68,40.824833,14.141667,1.27,1.5,0.3,flegrei,earthquake,Bollettino
54658,2026-08-01 04:20:57.609,,,,-0.1,0.3,flegrei,earthquake,Bollettino
54109,2026-08-01 04:21:10.539,40.823,14.144,0.89,0.1,0.3,flegrei,earthquake,Bollettino
54110,2026-08-01 04:21:23.98,40.8255,14.146,1.16,1.6,0.3,flegrei,earthquake,Bollettino
54111,2026-08-01 04:22:10.98,,,,-0.1,0.3,flegrei,earthquake,Bollettino
54133,2026-08-01 04:22:36.089,,,,,,flegrei,earthquake,Bollettino
54113,2026-08-01 04:23:32.74,,,,,,flegrei,earthquake,Bollettino
54659,2026-08-01 04:24:17.089,40.821667,14.146,0.68,-0.1,0.3,flegrei,earthquake,Bollettino
54660,2026-08-01 04:25:15.609,40.82,14.1465,0.53,0.4,0.3,flegrei,earthquake,Bollettino
54114,2026-08-01 04:25:41.079,,,,-0.3,0.3,flegrei,earthquake,Bollettino
54120,2026-08-01 04:29:55.5,40.819,14.150833,0.42,0.7,0.3,flegrei,earthquake,Bollettino
54117,2026-08-01 04:31:29.23,,,,-0.1,0.3,flegrei,earthquake,Bollettino
54669,2026-08-01 04:32:21.47,,,,-0.3,0.3,flegrei,earthquake,Bollettino
54126,2026-08-01 04:33:43.74,40.820333,14.145,1.29,0.4,0.3,flegrei,earthquake,Bollettino
54119,2026-08-01 04:34:37.069,40.821167,14.145833,1.58,0.6,0.3,flegrei,earthquake,Bollettino
54122,2026-08-01 04:40:50.339,40.8225,14.145833,1.69,1,0.3,flegrei,earthquake,Bollettino
54670,2026-08-01 04:47:49.5,,,,-0.5,0.3,flegrei,earthquake,Bollettino
54127,2026-08-01 05:00:48.71,40.826167,14.144667,0.99,0.9,0.3,flegrei,earthquake,Bollettino
54671,2026-08-01 05:06:49.65,,,,-0.1,0.3,flegrei,earthquake,Bollettino
54672,2026-08-01 05:10:27.69,40.824,14.149,1.22,0.1,0.3,flegrei,earthquake,Bollettino
54130,2026-08-01 05:14:43.849,,,,-0.3,0.3,flegrei,earthquake,Bollettino
54132,2026-08-01 05:14:54.349,40.8225,14.148833,0.75,0.7,0.3,flegrei,earthquake,Bollettino
54134,2026-08-01 05:23:35.759,40.823333,14.1425,0.88,0.6,0.3,flegrei,earthquake,Bollettino
54136,2026-08-01 05:45:19.7,40.831333,14.152833,2.7,2.7,0.3,flegrei,earthquake,Bollettino
54138,2026-08-01 05:54:56.48,40.818167,14.142333,0.12,0.7,0.3,flegrei,earthquake,Bollettino
54673,2026-08-01 06:04:53.93,,,,-0.3,0.3,flegrei,earthquake,Bollettino
54140,2026-08-01 06:12:23.759,40.8215,14.135667,0.44,2.5,0.3,flegrei,earthquake,Bollettino
54141,2026-08-01 06:26:06.92,,,,-0.1,0.3,flegrei,earthquake,Bollettino
54142,2026-08-01 06:34:11.109,40.831333,14.139833,2.04,-0.1,0.3,flegrei,earthquake,Bollettino
54143,2026-08-01 06:58:48.72,40.823833,14.147167,0.94,0.1,0.3,flegrei,earthquake,Bollettino
54144,2026-08-01 07:16:24.5,40.829833,14.1325,1.5,0.1,0.3,flegrei,earthquake,Bollettino
54145,2026-08-01 07:22:13.019,40.823,14.144167,0.96,0.4,0.3,flegrei,earthquake,Bollettino
54146,2026-08-01 07:32:53.009,40.823,14.142667,1.03,0.6,0.3,flegrei,earthquake,Bollettino
54677,2026-08-01 08:12:17.7,,,,-0.3,0.3,flegrei,earthquake,Bollettino
54147,2026-08-01 08:13:21.089,,,,-0.3,0.3,flegrei,earthquake,Bollettino
54148,2026-08-01 08:39:55.819,40.828833,14.151667,2.09,0.5,0.3,flegrei,earthquake,Bollettino
54149,2026-08-01 09:20:23.029,40.8245,14.131333,1.64,0.8,0.3,flegrei,earthquake,Bollettino
54150,2026-08-01 09:57:01.759,40.822167,14.139333,1.78,1,0.3,flegrei,earthquake,Bollettino
54678,2026-08-01 10:00:18.049,,,,-0.1,0.3,flegrei,earthquake,Bollettino
54151,2026-08-01 10:09:52.039,40.823833,14.149,1.14,0.1,0.3,flegrei,earthquake,Bollettino
54152,2026-08-01 10:24:56.079,40.827167,14.1435,2.11,0.1,0.3,flegrei,earthquake,Bollettino
54153,2026-08-01 10:33:26.21,40.821833,14.138,1.21,0.8,0.3,flegrei,earthquake,Bollettino
54155,2026-08-01 11:07:40.089,40.8285,14.145333,1.8,0.1,0.3,flegrei,earthquake,Bollettino
54154,2026-08-01 11:07:53.4,40.829833,14.147833,2.32,0.7,0.3,flegrei,earthquake,Bollettino
54157,2026-08-01 11:24:03.009,40.828333,14.133,1.95,0.2,0.3,flegrei,earthquake,Bollettino
54158,2026-08-01 11:27:37.73,40.8305,14.136167,2.55,0.4,0.3,flegrei,earthquake,Bollettino
54159,2026-08-01 11:36:01.13,40.830833,14.144333,2.43,0.7,0.3,flegrei,earthquake,Bollettino
54160,2026-08-01 11:36:21.759,40.828,14.148667,2.18,0.4,0.3,flegrei,earthquake,Bollettino
54161,2026-08-01 11:47:50.299,,,,-0.1,0.3,flegrei,earthquake,Bollettino
54683,2026-08-01 11:52:10.15,40.826667,14.141167,1.78,0.4,0.3,flegrei,earthquake,Bollettino
54164,2026-08-01 11:52:15.65,40.8275,14.138,1.7,0.5,0.3,flegrei,earthquake,Bollettino
54165,2026-08-01 11:53:59.74,40.828833,14.1355,2.13,0.5,0.3,flegrei,earthquake,Bollettino
54162,2026-08-01 11:55:16.369,,,,-0.1,0.3,flegrei,earthquake,Bollettino
54684,2026-08-01 11:57:40.99,40.829333,14.132833,1.84,0.4,0.3,flegrei,earthquake,Bollettino
54163,2026-08-01 11:58:56.63,,,,-0.1,0.3,flegrei,earthquake,Bollettino
54166,2026-08-01 12:01:41.779,40.828167,14.131167,1.64,0.6,0.3,flegrei,earthquake,Bollettino
54167,2026-08-01 12:04:32.68,40.830167,14.146167,2.5,1.8,0.3,flegrei,earthquake,Bollettino
54168,2026-08-01 12:05:55.769,40.832833,14.135333,2.85,0.8,0.3,flegrei,earthquake,Bollettino
54169,2026-08-01 12:06:27.17,40.8285,14.135167,2.33,0.7,0.3,flegrei,earthquake,Bollettino
54686,2026-08-01 12:15:31.349,40.828333,14.1445,2.06,0.4,0.3,flegrei,earthquake,Bollettino
54171,2026-08-01 12:17:19.88,40.829333,14.133333,2.39,1.6,0.3,flegrei,earthquake,Bollettino
54172,2026-08-01 12:18:36.839,40.828167,14.144,2.08,0.5,0.3,flegrei,earthquake,Bollettino
54687,2026-08-01 12:18:42,40.829667,14.1425,2.24,0.6,0.3,flegrei,earthquake,Bollettino
54173,2026-08-01 12:22:05.74,40.8315,14.133667,1.83,0.1,0.3,flegrei,earthquake,Bollettino
54705,2026-08-01 12:36:32.559,40.827,14.142,2.07,0.1,0.3,flegrei,earthquake,Bollettino
54174,2026-08-01 12:47:38.359,,,,-0.1,0.3,flegrei,earthquake,Bollettino
54175,2026-08-01 12:51:52.49,,,,-0.3,0.3,flegrei,earthquake,Bollettino
54176,2026-08-01 12:52:40.21,40.828167,14.144,1.76,-0.1,0.3,flegrei,earthquake,Bollettino
54706,2026-08-01 12:53:40.269,40.826167,14.136,1.55,-0.1,0.3,flegrei,earthquake,Bollettino
54707,2026-08-01 12:53:45.7,40.8295,14.132833,2.13,0.5,0.3,flegrei,earthquake,Bollettino
54177,2026-08-01 12:56:18.44,,,,-0.3,0.3,flegrei,earthquake,Bollettino
54708,2026-08-01 12:56:22.67,40.8315,14.132333,2.23,0.1,0.3,flegrei,earthquake,Bollettino
54178,2026-08-01 13:14:00.789,,,,-0.5,0.3,flegrei,earthquake,Bollettino
54179,2026-08-01 13:40:50.539,40.824667,14.152333,1.25,0.5,0.3,flegrei,earthquake,Bollettino
54180,2026-08-01 14:26:16.519,40.831333,14.142,2,0.5,0.3,flegrei,earthquake,Bollettino
54709,2026-08-01 14:26:51.68,,,,-0.3,0.3,flegrei,earthquake,Bollettino
54710,2026-08-01 14:48:52.369,40.831333,14.1365,1.97,0.2,0.3,flegrei,earthquake,Bollettino
54711,2026-08-01 14:49:44.2,40.829167,14.145333,1.93,0.1,0.3,flegrei,earthquake,Bollettino
54712,2026-08-01 15:21:02.93,,,,-0.1,0.3,flegrei,earthquake,Bollettino
54713,2026-08-01 15:24:45.13,,,,-0.3,0.3,flegrei,earthquake,Bollettino
54714,2026-08-01 15:48:32,,,,-0.3,0.3,flegrei,earthquake,Bollettino
54715,2026-08-01 16:13:46.9,40.824667,14.149,1.15,-0.3,0.3,flegrei,earthquake,Bollettino
54716,2026-08-01 16:28:59.039,,,,-0.3,0.3,flegrei,earthquake,Bollettino
54181,2026-08-01 17:00:20.65,40.8215,14.1375,1.05,1.5,0.3,flegrei,earthquake,Bollettino
54717,2026-08-01 17:15:45.74,40.829667,14.148833,2.31,-0.1,0.3,flegrei,earthquake,Bollettino
54182,2026-08-01 18:54:47.009,40.823667,14.149,1.3,0.9,0.3,flegrei,earthquake,Bollettino
54718,2026-08-01 18:56:44.47,,,,-0.3,0.3,flegrei,earthquake,Bollettino
54183,2026-08-01 18:58:19.49,40.823833,14.147667,1.18,1.1,0.3,flegrei,earthquake,Bollettino
54719,2026-08-01 19:28:03.509,,,,-0.1,0.3,flegrei,earthquake,Bollettino
54184,2026-08-01 19:31:30.789,40.827333,14.146,2.29,-0.1,0.3,flegrei,earthquake,Bollettino
54720,2026-08-01 20:01:45.99,,,,-0.1,0.3,flegrei,earthquake,Bollettino
54721,2026-08-01 20:03:36.089,,,,-0.1,0.3,flegrei,earthquake,Bollettino
54185,2026-08-01 20:34:03.519,40.829167,14.144333,2.42,0.1,0.3,flegrei,earthquake,Bollettino
54186,2026-08-01 20:34:31.769,,,,,,flegrei,earthquake,Bollettino
54188,2026-08-01 20:34:33.319,40.827,14.1485,2.28,0.5,0.3,flegrei,earthquake,Bollettino
54187,2026-08-01 20:38:26.48,40.828333,14.1535,2.58,0.2,0.3,flegrei,earthquake,Bollettino
54190,2026-08-01 21:06:35.079,40.826833,14.151667,2.59,0.1,0.3,flegrei,earthquake,Bollettino
54191,2026-08-01 21:11:11.569,40.827833,14.146,2.41,0.1,0.3,flegrei,earthquake,Bollettino
54193,2026-08-01 21:16:32.68,40.833667,14.160833,1.66,0.4,0.3,flegrei,earthquake,Bollettino
54722,2026-08-01 21:30:28.339,,,,-0.3,0.3,flegrei,earthquake,Bollettino
54723,2026-08-01 21:33:16.339,40.827667,14.147,2.31,-0.1,0.3,flegrei,earthquake,Bollettino
54194,2026-08-01 21:46:33.289,40.829,14.143167,2.23,0.7,0.3,flegrei,earthquake,Bollettino
54724,2026-08-01 21:47:11.079,,,,-0.1,0.3,flegrei,earthquake,Bollettino
54195,2026-08-01 22:01:20.73,40.828667,14.145667,1.85,0.7,0.3,flegrei,earthquake,Bollettino
54196,2026-08-01 22:06:49.49,40.830167,14.1485,2.34,0.5,0.3,flegrei,earthquake,Bollettino
54198,2026-08-01 22:42:33.9,40.829833,14.147,2.52,1,0.3,flegrei,earthquake,Bollettino
54197,2026-08-01 22:44:40.17,40.8305,14.150667,2.5,0.2,0.3,flegrei,earthquake,Bollettino
54727,2026-08-01 22:47:47.569,,,,-0.5,0.3,flegrei,earthquake,Bollettino
54199,2026-08-01 23:04:04.589,40.829333,14.147833,2.64,0.6,0.3,flegrei,earthquake,Bollettino
54200,2026-08-01 23:17:11.74,40.829667,14.146667,2.47,0.4,0.3,flegrei,earthquake,Bollettino
54728,2026-08-01 23:17:23.17,,,,-0.3,0.3,flegrei,earthquake,Bollettino
54730,2026-08-01 23:20:44.25,,,,-0.5,0.3,flegrei,earthquake,Bollettino
54201,2026-08-01 23:39:49.74,40.831,14.1485,2.32,1.2,0.3,flegrei,earthquake,Bollettino
54202,2026-08-01 23:49:02.14,40.828333,14.144333,2.49,-0.1,0.3,flegrei,earthquake,Bollettino
54203,2026-08-01 23:59:14.67,40.831,14.146167,2.3,0.6,0.3,flegrei,earthquake,Bollettino